name,global sales
Nicktoons: MLB,0.7256815852602199
Shonen Jump's One Piece: Grand Battle,0.5948710775341612
Learn Math,0.7050164174414527
Nitrobike,0.6915042412004102
Cruise Ship Vacation Games,0.7050164174414527
Pro Yaky? Spirits 6,0.21552813140801375
Paperboy / Rampage,0.7552198477429783
Shiren the Wanderer 4 - God's Eye and the Demon's Navel,0.2012124490727676
Vampire Moon: The Mystery of the Hidden Sun,0.7116812386477862
Sentou Kokka Air Land Battle,0.23094408502510252
Quick Yoga Training,0.723163879486483
Attack on Titan (KOEI),0.16784329403033035
NTRA Breeders' Cup World Thoroughbred Championships,0.6119028881930646
Hulk Hogan's Main Event,0.6479664319038531
Tak 2: The Staff of Dreams,0.7025035484534099
Destroy All Humans! Big Willy Unleashed,0.7051971538807191
Retro Atari Classics,0.7313240012859372
Imagine: Fashion Designer,0.6649982425627564
Need for Speed Underground 2,0.7347508188845854
My Spanish Coach,0.723163879486483
Ys: The Ark of Napishtim,0.6147135238426991
Dragon Quest Heroes II: Twin Kings and the Prophecy's End,0.16784329403033035
Dragon Age Origins: Awakening,0.42719566902168515
Azure Dreams,0.6364738486412446
Divinity II: The Dragon Knight Saga,0.7287539073531307
SingStar Latino,0.6101912568052992
Kung Fu Panda 2,0.5813443688002624
NHL 2K8,0.7134232150032924
Pro Baseball Spirits 2015,0.1705633346301489
Haunted House,0.6997570726810828
Top Spin 3,0.7171450771092398
Syberia,0.6589200885683184
Kurt Warner's Arena Football Unleashed,0.6399093685772186
Puzzle Kingdoms,0.7050164174414527
Hyperdimension Neptunia,0.399666657313667
Life is Strange,0.5908589411955543
Suite PreCure: Melody Collection,0.19941022263518554
NHL 2K9,0.618149043778673
Shin Megami Tensei: Devil Summoner 2 - Raidou Kuzunoha vs. King Abaddon,0.6065534020432447
Rogue Ops,0.70760674745213
NBA Hoopz,0.6371893279774001
Transworld Surf,0.7280911788316314
History Civil War: Secret Missions,0.7075722008056621
MLB 11: The Show,0.5517639334382968
Castrol Honda Superbike Racing,0.6261505165737907
X-Blades,0.5447817424518744
Teenage Mutant Ninja Turtles: Danger of the Ooze,0.5731604897389904
Army Men: Green Rogue,0.550319786257523
Chessmaster,0.722853432458076
Brain Assist,0.7258839200863009
Freddi Fish: ABC under the sea,0.723163879486483
Adventures to Go!,0.678106178894034
Monster Rancher DS,0.5597716217141049
Peter Jackson's King Kong: The Official Game of the Movie,0.7133572756801734
Superman: The Man of Steel,0.7103267880519485
Kororinpa: Marble Mania,0.5927048031787905
Ken to Mahou to Gakuen Mono. 3,0.2012124490727676
The Flintstones: Bedrock Bowling,0.6399093685772186
NHL 2003,0.7389713412309041
Chicken Run,0.5881025254802454
Injustice: Gods Among Us,0.5141284503938536
Fatal Inertia,0.7173628144564284
Over the Hedge: Hammy Goes Nuts!,0.7082540766814533
Phantom Brave: We Meet Again,0.7336111268351366
NHL 2K9,0.7107031744034745
Shining Force III,0.22550400382546612
Jikkyou Powerful Pro Yakyuu 2011 Ketteiban,0.21008805020837737
Tales of the Heroes: Twin Brave,0.19577236787313124
WWE Survivor Series,0.6789546393311012
Kouchuu Ouja Mushi King: Greatest Champion e no Michi DS 2,0.195043700028513
Kung-Fu: High Impact,0.6395693573411837
Euro Truck Simulator 2,0.41665459960704176
Bakugan: Battle Trainer,0.6997570726810828
Super Robot Wars BX,0.1705633346301489
Tomb Raider: Legend,0.6994466256526758
Nagano Winter Olympics '98,0.6480694903766728
I Spy: Universe,0.7022963768416349
Ninjatown,0.7111770922793088
Warcraft III: Reign of Chaos,0.5192505419724146
Winning Post 5,0.23728845620655933
Frogger Beyond,0.7079436296530462
Lord of the Rings: Tactics,0.6961986814225628
RPG Maker II,0.5646486571012326
The Oregon Trail,0.7112753078751571
Alone in the Dark: Inferno,0.6126192659941004
TRON: Evolution,0.6534800073686822
Gravity Rush Remastered,0.3356796721392179
Destruction Derby Arenas,0.5516052844339602
Dengeki Bunko Fighting Climax,0.33296428397509814
MLB Power Pros 2008,0.6897018206294623
Littlest Pet Shop: Spring,0.7167153890747935
The Unholy War,0.6226848349964891
Cabela's Dangerous Hunts 2009,0.7338417070596748
Rumble Roses XX,0.5081456218382945
Total War: WARHAMMER,0.4117543756063581
Wantame Music Channel: Doko Demo Style,0.21029038503445832
Disney's Winnie the Pooh's Rumbly Tumbly Adventure,0.6415585193126699
Shaman King: Power of Spirit,0.5189973745400512
Anno 1701: Dawn of Discovery,0.6064628069934282
Soccer Tsuku DS: World Challenge 2010,0.2128080908081959
The BIGS 2,0.7311216664598562
LEGO Legends of Chima: Laval's Journey,0.34373788997596433
DreamWorks Super Star Kartz,0.5788420655476332
Contra III: The Alien Wars,0.23549931535091076
The Amazing Race,0.7177237982868466
Dead to Rights: Reckoning,0.7157323226051163
Slime MoriMori Dragon Quest 3: Taikaizoku to Shippo Dan,0.19849240847294908
NBA 08,0.7365617476594927
Hasbro Family Fun Pack,0.6578465299753546
Amagami,0.16372128831104057
No Fear Downhill Mountain Biking,0.645349449776855
NCIS,0.5813206115384453
The IdolM@ster: One for All,0.1912501008357306
Fire ProWrestling,0.6520283052458345
Eternal Poison (JP sales),0.20665253027240402
Mission: Impossible - Operation Surma,0.7052235890532278
Legendary,0.5799316142961397
Chuck E. Cheese's Game Room,0.7177237982868466
MX 2002 Featuring Ricky Carmichael,0.7224924486276577
Romance of the Three Kingdoms IV: Wall of Fire,0.5005624763874935
Illusion of Gaia,0.2474531392696766
Batman: Arkham Knight,0.6167412717133902
Disney's Kim Possible: Kimmunicator,0.6878355846250709
Mega Man Anniversary Collection,0.6997835078535913
Sally's Salon,0.719435429674612
Disruptor,0.6272400653222966
Pro Evolution Soccer 2017,0.33154940039885106
Zoobles! Spring to Life!,0.6687266923746273
Diablo II,0.4543960750198671
Shrek Smash n' Crash Racing,0.7088922456285671
F1 2011,0.442148048492619
Drakengard 2,0.5564885353017777
Ben 10 Galactic Racing,0.6370670540885544
Grand Knights History,0.19849240847294908
Scene It? Bright Lights! Big Screen!,0.6390803176895429
Harvest Moon DS (jp sales),0.2120020164222238
Castlevania: Legacy of Darkness,0.5185428519576378
Sin and Punishment,0.21373899055236517
NBA Jam 2000,0.7934085283427591
Sonic Riders,0.7088922456285671
Shrek Super Party,0.7282935136577123
Venetica,0.647390386156009
Rally Fusion: Race of Champions,0.5570453656335965
The House of the Dead,0.22189911235181942
Transformers: Prime,0.6249013935128452
Persona 4: Arena,0.5359652646695978
Street Fighter IV,0.5921510369343433
Cabela's Alaskan Adventure,0.7392817882593112
RealSports Volleyball,0.8423692591394867
Heroes of the Pacific,0.7164049420463865
RollerCoaster Tycoon,0.7135866858507197
NightCaster,0.7103267880519485
FIFA World Cup Germany 2006,0.7280911788316314
Space Camp,0.7024771132809006
Hitman 2: Silent Assassin,0.70760674745213
Lovely Lisa and Friends,0.7139953484749757
Digimon Racing,0.6561073382872821
All Star Cheer Squad 2,0.7311216664598562
Ape Escape 3,0.537056465459348
"Crouching Tiger, Hidden Dragon",0.5448797050578866
Final Fantasy XIV: Heavensward,0.2824863551635135
Last Bronx,0.21945057116168454
Secret Agent Clank,0.3986138632514441
Barbie and the Three Musketeers,0.6793148233628831
Science Papa,0.6973053062304642
Momotaro Douchuuki,0.23749079103264029
Iridion II,0.6517568058361516
Whiplash,0.554325325033778
007: Quantum of Solace,0.6820586212245189
Family Fortunes,0.44278144701225985
Borderlands: Double Game Add-On Pack,0.6558550542936251
Farming Simulator 2011,0.47141941248529207
Watch Dogs,0.5731842470008075
BlazBlue: Continuum Shift II,0.3389872268923648
Summon Night: Twin Age,0.5042666737730015
Spider-Man: Battle for New York,0.7082540766814533
Pop'n Music Portable,0.20213026323500405
Nintendo Puzzle Collection,0.19758300418906521
Destroy All Humans! Path of the Furon,0.6126430232559177
Army Men: Soldiers of Misfortune,0.7075722008056621
Game Party: Champions,0.6249013935128452
Otogi: Myth of Demons,0.6010456614175111
Margot's Word Brain,0.7077364580412713
Peppa Pig: Fun and Games,0.40497495052772114
Dreamworks 2-in-1 Party Pack,0.7177237982868466
Alter Echo,0.5472547519828296
Walt Disney Pictures Presents: The Wild,0.6388384787128522
Green Lantern: Rise of the Manhunters,0.627621434112663
Puzzle de Harvest Moon,0.7104564986410892
Metal Max 3,0.2012124490727676
Rock Band Track Pack Volume 1,0.5492462276645598
Puyo Puyo!! 20th Anniversary,0.1839828011899739
My Baby: First Steps,0.7167153890747935
Namco Soccer Prime Goal,0.2395235976947598
NBA 08,0.5626440958375696
Monster Hunter Frontier Online,0.2012124490727676
Shin Megami Tensei: Digital Devil Saga,0.5592085759015962
Deception IV: Blood Ties,0.27539565141699907
Rango: The Video Game,0.5582058361440619
Assassination Classroom: Grand Siege on Kuro-sensei,0.1705633346301489
Megamind: The Blue Defender,0.5489541962535429
Puppies 3D,0.6224496270622266
Cars 2,0.625119130860034
The Stronghold Collection,0.46512380188896596
Jissen Pachi-Slot Hisshouhou! Aladdin II Evolution,0.21573046623409473
Mystic Ark,0.24201305807004023
One Piece: Unlimited World Red,0.36153824539523605
The Price is Right 2010 Edition,0.7204438388866644
Cabela's Dangerous Hunts 2009,0.7338417070596748
Ty the Tasmanian Tiger 2: Bush Rescue,0.6442785599124885
Teenage Mutant Ninja Turtles 2: Battle Nexus,0.7048867068523121
Tom Clancy's Splinter Cell: Double Agent,0.629273713883234
LEGO Racers 2,0.5597654062334144
Eat Lead: The Return of Matt Hazard,0.6003501063525215
Yu-Gi-Oh! Nightmare Troubadour (JP sales),0.26076780195036753
Backyard Baseball,0.7362513006310857
Star Wars: Lethal Alliance,0.6874987024241553
Naruto Shippuden: Kizuna Drive,0.37455558667669775
Under Night In-Birth,0.4281603084988268
Sega GT,0.22080956360331355
Steel Battalion: Heavy Armor,0.5777268789143843
Green Lantern: Rise of the Manhunters,0.5462579129155415
Legends of Wrestling,0.707533253186938
Fit in Six,0.7256815852602199
Gunstar Heroes,0.23549931535091076
All-Star Baseball 2004,0.7362513006310857
Tamagotchi no Pichi Pichi Omisecchi,0.1841635376292402
Shining Wind,0.20937257087222189
Rock Band Track Pack Volume 2,0.6649388909455618
Dokapon Kingdom,0.7222460653242465
Onechanbara: Bikini Samurai Squad,0.6874987024241553
Portal Runner,0.5479366278586209
Pok√©mon: For Ho-Oh the Bells Toll!: Game Boy Advance Video,0.6646284439171546
Warriors Orochi 2,0.5312795020587959
Hyperdevotion Noire: Goddess Black Heart,0.3597229819469395
Disney's Winnie the Pooh's Rumbly Tumbly Adventure,0.537056465459348
Assault: Retribution,0.6167048965978994
Sengoku Basara 3 Utage,0.18144349702942167
Spartan: Total Warrior,0.7021666662524936
City Crisis,0.5645580620514159
Zapper: One Wicked Cricket!,0.7079436296530462
Smart Boy's Gameroom,0.7258839200863009
Victorious: Time to Shine,0.6970370320812642
Star Wars: Clone Wars,0.709981794377073
High Rollers Casino,0.722853432458076
Advent Rising,0.7021666662524936
Surf Riders,0.6426294091770365
Torino 2006,0.565364136437388
Nobunaga no Yabou: Ranseiki,0.2119038008263755
Derby Stallion Advance,0.22048331349603276
The X-Factor,0.36988849464300033
Monopoly Party,0.7282935136577123
Snood,0.6573611442713971
TOCA Race Driver 2: Ultimate Racing Simulator,0.6561073382872821
Monster Jam: Urban Assault,0.5407251220346874
DT Racer,0.5488852438341416
Soccer Tsuku: Pro Soccer Club o Tsukurou!,0.20464796900874097
World Cup Golf: Professional Edition,0.6535095715763093
NBA 2K13,0.5721824254946793
Black Dawn,0.6363832535914287
428: Fuusa Sareta Shibuya de,0.1664413289108591
7 Wonders of the Ancient World,0.6290929774439676
Kelly Slater's Pro Surfer,0.6807463526899828
Top Shot Arcade,0.6994120790062072
Warriors of Might and Magic,0.585382484880427
Twister Mania,0.6336402364899065
Drome Racers,0.5570453656335965
Gungnir: Mayari no Gunshin to Eiyuu Sensou,0.4793014092630201
X-Men: Next Dimension,0.707533253186938
Dynasty Warriors 5 Empires,0.6874987024241553
Fuse (Insomniac),0.6245563998379696
WipeOut 3 The Game,0.6360920029405251
7th Dragon 2020-II,0.1930523272733127
Doukyuusei 2,0.23657297687040382
Aikatsu! 365 Idol Days,0.15012108531194926
SkullMonkeys,0.6143217381989972
Burnout,0.6615474194869185
Baroque,0.48590721389791647
SBK 2011: FIM Superbike World Championship,0.3817858810695096
Jurassic: The Hunted,0.7048521602058435
Dynasty Warriors: Gundam Reborn,0.1760034158297853
Little Battlers eXperience: Wars,0.18198335422837497
DreamWorks Super Star Kartz,0.5788420655476332
Hour of Victory,0.6289287202083584
Indianapolis 500 Legends,0.7173628144564284
NBA Ballers: Phenom,0.66986619029071
Shimano Xtreme Fishing,0.7311216664598562
Crash Tag Team Racing,0.6533872976874635
Freedom Fighters,0.709981794377073
Yu-Gi-Oh! GX: Tag Force,0.6121151196256231
NBA 2K17,0.5030772745544845
Mega Man X Collection,0.7174133512584396
Left Brain Right Brain 2,0.723163879486483
Detana TwinBee Yahho! Deluxe Pack,0.22733919355145582
Last Ranker,0.2012124490727676
Quantum Redshift,0.6615474194869185
The History Channel: Great Battles - Medieval,0.613182880454871
Smash Court Tennis Pro Tournament 2,0.5708042176370245
Brothers in Arms: Double Time,0.6493472122647409
Legends of Wrestling II,0.6493082646460168
Power Pro Kun Pocket 13,0.2128080908081959
Armed and Dangerous,0.6517568058361516
Football Manager 2012,0.34275982573165265
Project CARS,0.4179400977834782
Teenage Mutant Ninja Turtles: Arcade Attack,0.7024771132809006
World Soccer Winning Eleven 2002,0.22048331349603276
Actua Tennis,0.6480694903766728
Monster Truck Madness,0.6588273788871
Resident Evil,0.18095859791780428
Sonic Jam,0.2030558049172655
Puella Magi Madoka Magica Portable,0.18168726576242253
Peter Jacobsen's Golden Tee Golf,0.6399093685772186
Space Bust-A-Move,0.6614593927288706
Avatar: The Last Airbender - Into the Inferno,0.6588963313065014
Deadpool,0.6167412717133902
Disney's Atlantis: The Lost Empire,0.6524386817119427
Nippon Daihyou Team no Kantoku ni Narou! Sekaihatsu Soccer RPG,0.23136347589530556
Just Cause 2,0.3519217690372365
Crush3D,0.5411547139168215
LEGO Marvel's Avengers,0.34679213486600646
High Velocity: Mountain Racing Challenge,0.2203246644916955
NeverDead,0.5017730328104539
Capcom vs. SNK 2: Millionaire Fighting 2001,0.19176526605188454
Criticom,0.6193514429325253
Mega Man X: Command Mission,0.6868491624111187
Charm Girls Club: My Fashion Mall,0.7248755108742485
SCORE International Baja 1000: The Official Game,0.6915042412004102
Deepak Chopra's Leela,0.6336402364899065
Need for Speed: ProStreet,0.6942242818002281
DiRT Rally,0.5077741878084613
NHL 2K7,0.6810567997183901
Go Play: Circus Star,0.7024771132809006
Worms 3D,0.5508596434564763
Gladiator Begins,0.3976941193328981
Clock Tower: The First Fear,0.18227667339815024
Sleeping Dogs,0.5203993396595232
Kidou Senshi Gundam Seed Battle Destiny,0.16463835431889512
Diner Dash: Sizzle & Serve,0.652231510100168
Impossible Mission,0.6473090475407136
"Kilari: Na-san, Mon Meilleur Ami",0.19519687371169722
Strikers 1945,0.6190799435228423
Ochaken no Heya DS,0.19519687371169722
Fire ProWrestling S: 6Men Scramble,0.20536546905097583
Galidor: Defenders of the Outer Dimension,0.6521017995110272
Pryzm Chapter One: The Dark Unicorn,0.5244374557396877
Gundam Battle Royale,0.18095859791780428
F1 2016 (Codemasters),0.4495491992675399
Eat Lead: The Return of Matt Hazard,0.623488639008722
Karaoke Revolution,0.7204438388866644
Zen-Nippon Pro Wrestling: Ouja no Kon,0.19720534725152095
NASCAR 2005: Chase for the Cup,0.6792458709434827
Are You Smarter than a 5th Grader? Game Time,0.7050164174414527
"Hisshou Pachinko*Pachi-Slot Kouryaku Series Vol. 12: CR Shinseiki Evangelion - Shito, Futatabi",0.19348524232393174
Guilty Gear X,0.5475262513925127
Obscure: The Aftermath,0.646972165339798
One Piece: Pirate Warriors 2,0.16191831371907656
Gotouchi Tetsudou: Gotouchi Chara to Nihon Zenkoku no Tabi,0.1771649987250219
NHL 2002,0.6807463526899828
Mugen no Frontier: Super Robot Taisen OG Saga EXCEED,0.1871273469620589
Etrian Odyssey V,0.17080710336314905
Disney's PK: Out of the Shadows,0.545216587258803
Wild Earth: African Safari,0.6731583643622113
Echo Night,0.35397899963699464
Wild ARMs 5 (jp sales),0.1980075093613317
Record of Agarest War Zero,0.5841975141883073
Colony Wars III: Red Sun,0.6255030911921559
Magic: The Gathering - Battlemage,0.6254048755963069
Rocksmith,0.5195998529794753
Backyard Baseball '09,0.6756167185187536
James Bond 007: Legends,0.5227743865844662
Conception II: Children of the Seven Stars,0.5762262030345174
The King of Fighters '94,0.21080555025061223
DS Yamamura Misa Suspense: Maiko Kogiku - Kisha Katherine - Sougiya Isa Akashi - Koto ni Maru Hana Sanrin: Kyoto Satujin Jinken File,0.1523562268001504
All Kamen Rider: Rider Generation,0.16735839491871296
The King of Fighters '98 Ultimate Match,0.3841183846746272
Reader Rabbit Kindergarten,0.7177237982868466
Puzzle Quest: Challenge of the Warlords,0.5365388468191661
Chessmaster: The Art of Learning,0.6649388909455618
Guardian's Crusade,0.6337538080414268
MotoGP 3 - Official Game of MotoGP,0.554325325033778
Lego Star Wars: The Force Awakens,0.4773272140585577
Makai Kingdom: Chronicles of the Sacred Tome,0.5564885353017777
Lemony Snicket's A Series of Unfortunate Events,0.6442785599124885
Gundam Breaker 3,0.15375819191962165
Neopets Petpet Adventures: The Wand of Wishing,0.6292499566214169
The Ant Bully,0.6037520228281312
M&M's Kart Racing,0.6564177853156893
Bomberman Party Edition,0.6192442007584515
Ice Age: Dawn of the Dinosaurs,0.5979750594275786
SingStar Vol. 3,0.3753285758426367
Star Trek: Conquest,0.6907586002229265
My Fitness Coach: Club,0.37784628161637357
Major League Baseball 2K8 Fantasy All-Stars,0.6756167185187536
Eyeshield 21: Max Devil Power,0.1980075093613317
Summon Night 3,0.18168726576242253
O.D.T.: Escape... Or Die Trying,0.5962626472796997
Madden NFL 06,0.6837768403182078
Rango: The Video Game,0.5462579129155415
Break 'Em All,0.6576715912998043
Super Robot Wars OG Saga: Masou Kishin II - Revelation of Evil God,0.186938536316394
Mobile Suit Gundam Seed: Rengou vs. Z.A.F.T. Portable,0.18061360424292877
San Goku Shi V,0.21413894231457595
Red Faction II,0.6517568058361516
Go! Sudoku,0.6576715912998043
Daikaijyuu Monogatari II,0.22520791535951365
Rock Band Track Pack Volume 2,0.5492462276645598
Voodoo Vince,0.6469986005123064
Disney Sing It: Party Hits,0.6363602770897251
Gundam Memories: Tatakai no Kioku,0.16735839491871296
Everybody Dance,0.6567787691461069
Kaijuu Busters,0.17279847611834936
Blackwater,0.594910025152885
Tom Clancy's Ghost Recon,0.6207685984089042
Ferrari Challenge Trofeo Pirelli,0.5407251220346874
Moshi Monsters: Katsuma Unleashed,0.3788481031225024
Virtua Fighter CG Portrait Series Vol.4: Pai Chan,0.22884577012156798
Chase: Hollywood Stunt Driver,0.6615474194869185
Mobile Suit Gundam Side Story: Missing Link,0.15919827311925805
Thor: God of Thunder,0.5693964455717418
The X Files: Resist or Serve,0.5189973745400512
Touch My Katamari,0.5137107611913728
PixelJunk Monsters Deluxe,0.6475120225387513
Saru! Get You! Million Monkeys,0.1785754395189021
Legend of the Guardians: The Owls of Ga'Hoole,0.6766185400248825
Ben 10 Galactic Racing,0.5788420655476332
Curious George,0.5367195832584324
Killer is Dead,0.5429550105980933
Don Bradman Cricket 14,0.3901046518733011
Megamind: Ultimate Showdown,0.54897795351536
Zathura,0.5162773339402328
Medarot DS: Kabuto / Kuwagata Ver.,0.1871273469620589
Atelier Sophie: The Alchemist of the Mysterious Book,0.33386440869092116
Mytran Wars,0.5457300092852471
Making History: The Great War,0.1760583739171212
NCIS,0.523095622997524
Undead Knights,0.37941280615870376
Ninja Reflex,0.646972165339798
Cel Damage,0.6642674600867363
Lovely Lisa,0.6639304817335088
Dance Paradise,0.6363602770897251
SSX 3,0.6780263120901643
Sword Art Online: Hollow Fragment,0.3553704774816725
Supremacy MMA,0.5083779221658102
Yamakawa Shuppansha Kanshuu: Shousetsu Nihonshi B,0.1962052829237496
The God of War Trilogy,0.28891770771519976
Lunar: Dragon Song,0.6721811985827796
Breakdown,0.6234994283933732
Rush,0.6618578665153257
Ecco the Dolphin,0.19587687639724155
Solitaire & Mahjong,0.6467914289005315
Venetica,0.5309404090741665
Looney Tunes: Sheep Raider,0.6061616163995422
Horse Life,0.6176534164211079
Geometry Wars: Galaxies,0.6520672528645588
Robinson: The Journey,0.4393462654908079
Conduit 2,0.5486329598404845
Harvest Moon 2 GBC,0.21423715791042428
Zenses: Rainforest,0.6263729368441497
Backyard Baseball '10,0.672896677918935
Rise of the Tomb Raider,0.34752569140503
The Lord of the Rings: Aragorn's Quest,0.4788050417459182
X2: Wolverine's Revenge,0.6119121446275855
Cabela's Dangerous Hunts 2011,0.6701766373191173
Hatsune Miku: Project Diva X,0.20177970184488947
Deadliest Catch: Sea of Chaos,0.6701766373191173
McDROID,0.17333833331730267
Destiny: The Collection,0.48875569152899234
Lego Star Wars: The Force Awakens,0.4863806446040494
Gallop Racer 2000,0.2118382925849605
Showdown: Legends of Wrestling,0.6438681834463803
Godzilla Unleashed: Double Smash,0.6496922059396159
My Farm Around the World,0.6612104411336909
Macross Triangle Frontier,0.16735839491871296
SpongeBob's Surf & Skate Roadtrip,0.6156735108841427
Farming Simulator 17,0.47748038774174195
Dishonored 2,0.46324211194784903
NASCAR Unleashed,0.6482576635162344
The Smurfs 2,0.44588054269220134
Street Hoops,0.6347797344059891
Backyard Sports Football: Rookie Rush,0.6701766373191173
Transformers: War for Cybertron -- Decepticons,0.6766185400248825
Rocket: Robot on Wheels,0.6810172955677796
Densha De Go! 64,0.11564144313546354
NFL QB Club 2001,0.7324634992020201
Earthworm Jim 3D,0.6810172955677796
NPPL: Championship Paintball 2009,0.6262086796085405
Shin Megami Tensei: Devil Survivor 2,0.20144474940028337
Atelier Annie: Alchemists of Sera Island,0.5288813768928691
WRC: FIA World Rally Championship,0.3722475514124006
PBR: Out of the Chute,0.6756167185187536
WWE SmackDown vs Raw 2008,0.6468986710746054
Godzilla: Destroy All Monsters Melee,0.638428102246744
College Hoops 2K6,0.6810567997183901
Sega Soccer Slam,0.5762442988366608
Dragon Quest Builders: Revive Alefgard,0.17080710336314905
Dora the Explorer: Dora Saves the Mermaids,0.5288963436598938
2 Games in 1 Double Pack: Hot Wheels Velocity X / Hot Wheels World Race,0.6533872976874635
DiRT 2,0.5029186255501479
Mahou Shoujo Lyrical Nanoha A's Portable: The Gears of Destiny,0.16456486005370258
Dodge Racing: Charger vs Challenger,0.6536977447158707
Fate/Extra CCC,0.16191831371907656
Greg Hastings Paintball 2,0.6439071310651046
Fat Princess: Fistful of Cake,0.5370300302868395
MTV Sports: Pure Ride,0.6399093685772186
Burning Road,0.6315905977734271
Sonic Adventure 2,0.1921756425179927
IndyCar Series,0.554325325033778
Slayers,0.23064799655915005
Super Robot Wars OG Saga: Masou Kishin - The Lord of Elemental,0.1760583739171212
Space Chimps,0.5288963436598938
Backyard Sports Football: Rookie Rush,0.6701766373191173
Crash Superpack: Crash Bandicoot 2: N-Tranced / Crash Nitro Kart,0.661908403317336
Famicom Mini: TwinBee,0.18877372604238368
Tony Hawk's Pro Skater 5,0.610299369007625
Gladiator: Sword of Vengeance,0.5448797050578866
Rodea the Sky Soldier,0.5375149293984568
The Daring Game for Girls,0.6292499566214169
Yakuza Kiwami,0.13059590200160415
DreamWorks Super Star Kartz,0.5788420655476332
Pinball Hall of Fame: The Williams Collection,0.6622188503457432
Ultimate Card Games,0.6673484845169725
Jikkyou Powerful Pro Yakyuu 8 Ketteiban,0.22320335409585063
NBA 2K17,0.6075793284078065
Academy of Champions: Soccer,0.6266196126065342
Overlord: Raising Hell,0.5193315788302756
Wallace & Gromit: Curse of the Were-Rabbit,0.5162773339402328
Power Gig: Rise of the SixString,0.6594988097459255
Mountain Sports,0.672896677918935
Puzzle Kingdoms,0.6467914289005315
Skylanders: SuperChargers,0.48910068520386796
Monster Jam: Path of Destruction,0.6509777041160529
The Bible Game,0.661908403317336
NFL Head Coach,0.66986619029071
Just Dance: Disney Party,0.42267340198428516
Medarot 4: Kabuto / Kuwagata Version,0.21160771236042233
Deca Sports Extreme,0.5350369374286609
Kidz Sports: Crazy Golf,0.6756167185187536
Major League Baseball 2K6,0.6810567997183901
Mahou Shoujo Lyrical Nanoha A's Portable: The Battle of Aces,0.1724534824434745
Deepak Chopra's Leela,0.5642246385213053
"Ed, Edd n Eddy: The Mis-Edventures",0.5833335307717488
Onimusha: Blade Warriors,0.5420861701928762
One Piece: Super Grand Battle! X,0.15640473825424764
Disney's Extreme Skate Adventure,0.6429398562054434
Akuji the Heartless,0.5792352823142761
NBA 2K2,0.6456598968052619
Akiba's Trip: Undead & Undressed,0.47006205822883296
Psychonauts,0.6415585193126699
Tales of Berseria,0.17080710336314905
Jeremy McGrath Supercross World,0.6264609636021976
Uta no * Prince-Sama: All Star,0.16191831371907656
HardBall 5,0.6157030750917705
Airborne Troops: Countdown to D-Day,0.5418146707831932
MLB Inside Pitch 2003,0.6780263120901643
Jikkyou Powerful Pro Yakyuu 2014,0.18784282629821375
Skate City Heroes,0.6756167185187536
The Sky Crawlers: Innocent Aces,0.5707934893910774
Battle Arena Toshinden Remix,0.21080555025061223
nail'd,0.5464756502627309
Legends of Wrestling II,0.6142218087612958
Lost Magic,0.5811813851225364
A.C.E.: Another Century's Episode Portable,0.18159667071260588
Jaws: Ultimate Predator,0.638812043540343
Marvel Avengers: Battle for Earth,0.4853128837748023
Jikkyou Powerful Pro Yakyuu 9,0.2063982113853241
Rock Band: Metal Track Pack,0.6622188503457432
Alice: Madness Returns,0.3260394385194004
Barbie as The Island Princess,0.4757507968558754
Crime Killer,0.5910640606890697
Petz Puppyz & Kittenz,0.6567787691461069
Backyard Wrestling 2: There Goes the Neighborhood,0.6438681834463803
Raiden IV,0.6052073258345283
MX vs. ATV Untamed,0.6591378259155072
Tom Clancy's Splinter Cell: Blacklist,0.47140223374730394
SD Gundam G Generation-F.I.F,0.18645363720477598
Bishoujo Senshi Sailormoon S: Juugai Rantou!? Shuyaku Soudatsusen,0.21080555025061223
Rubik's World,0.6263729368441497
Zenses: Ocean,0.6263729368441497
Phantasy Star Universe,0.5880976367858399
Peggle: Dual Shot,0.6467914289005315
NPPL: Championship Paintball 2009,0.6493472122647409
Spider-Man: Edge of Time,0.5693964455717418
Cruis'n,0.6359992932593068
Samurai Warriors 4-II,0.3168154972473938
Harukanaru Augusta 2: Masters,0.24496367889439621
Castlevania: Curse of Darkness,0.6439416777115722
SimAnimals Africa,0.635351867877672
Love Live! School Idol Paradise,0.1771649987250219
Lost Planet 3,0.5221915248668358
Battles of Prince of Persia,0.6379736928816415
The Clique: Diss and Make Up,0.6210898348219619
Mobil 1 Rally Championship,0.5856239794894333
USA Today Crossword Challenge,0.6495114695003501
King of Colosseum (Red): Shin Nippon x Zen Nippon x Pancrase Disc,0.18904522545206667
Turok: Evolution,0.596251857895049
Charm Girls Club: My Perfect Prom,0.6584904005338723
Marvel Trading Card Game,0.6676589315453797
Rugrats: Totally Angelica,0.49207104045478456
Nightshade,0.5097932491731657
Brunswick Pro Bowling,0.6674565967192987
CSI: Crime Scene Investigation,0.6234994283933732
Wipeout 2,0.6567787691461069
LEGO Batman 2: DC Super Heroes,0.436315777862583
Ultimate Puzzle Games: Sudoku Edition,0.652231510100168
Buffy the Vampire Slayer: Chaos Bleeds,0.6493817589112086
Onechanbara: Bikini Zombie Slayers,0.646972165339798
Hanagumi Taisen Columns,0.2079782674767199
Tropico 5,0.43664340362897747
Tales of Destiny 2,0.19528746876151318
Teenage Mutant Ninja Turtles 3: Mutant Nightmare,0.6088552218268513
Reality Fighters,0.4593808162535916
Petz Fantasy: Moonlight Magic,0.6557703599340545
The Price is Right: Decades,0.6567787691461069
Power Pro Kun Pocket 14,0.19600294809766866
Dragon Ball: Origins,0.5424701114864758
Jikkyou Powerful Pro Baseball 2016,0.18240274509857735
FIFA 17,0.3993325345020031
After Hours Athletes,0.37784628161637357
UN Squadron,0.2241342538400199
Tecmo Super Bowl,0.5574780865508491
Disney Princess: Enchanting Storybooks,0.5291381826365845
Dora the Explorer: Journey to the Purple Planet,0.5856929319088338
Lunar 2: Eternal Blue,0.21976783415987727
NHL Powerplay '96,0.5574780865508491
Thousand Arms,0.5404423636157845
Arctic Thunder,0.6291810042020155
Barnyard,0.6061351812270335
2 in 1 Combo Pack: Sonic Heroes / Super Monkey Ball Deluxe,0.5699751667493487
Stolen Song,0.1654715306876237
Armored Core: Verdict Day,0.1761565895129695
Yattaman DS: BikkuriDokkiri Daisakusen da Koron,0.17551851671816787
Madden NFL 17,0.49112935132596414
Harvey Birdman: Attorney at Law,0.4730307562560575
My Chinese Coach,0.6418003582893614
Lost in Shadow,0.5367840507701254
DEATH NOTE: Kira Game,0.15507626739996827
Legend of the Guardians: The Owls of Ga'Hoole,0.6183935514839612
Sengoku Cyber: Fujimaru Jigokuhen,0.20277388080368516
Hisshou Pachinko*Pachi-Slot Kouryaku Series Vol.10: CR Shinseiki Evangelion: Kiseki no Kachi,0.1962052829237496
ASH: Archaic Sealed Heat,0.19528746876151318
DreamWorks Super Star Kartz,0.4623920884657906
Dorabase 2: Nettou Ultra Stadium,0.20144302929730507
Where the Wild Things Are,0.6418689663410772
Center Ring Boxing,0.21080555025061223
NHL 2K3,0.6456598968052619
Die Hard: Vendetta,0.6193903905512492
F1 2002,0.4919041254293718
Every Extend Extra,0.5965623049234561
FIFA Soccer,0.6837768403182078
Cabela's North American Adventures,0.6701766373191173
Darkspore,0.5282203684743481
Self-Defense Training Camp,0.5980409987506975
Sphinx and the Cursed Mummy,0.6142953030264877
Midnight Mysteries: The Edgar Allan Poe Conspiracy,0.5489541962535429
Dynasty Warriors 8: Xtreme Legends,0.3081704763363215
GT Advance 2: Rally Racing,0.6060424715458151
Yakuza,0.15055325220818644
Karaoke Revolution Presents American Idol Encore 2,0.6649388909455618
Deception IV: Blood Ties,0.31953553784721156
DOA 2: Dead or Alive 2 Hardcore,0.18040020454099442
Tenchu: Shadow Assassins,0.31905063873559425
Fuse (Insomniac),0.4849678900999267
Cabela's Deer Hunt 2005 Season,0.6402198156056256
SplashDown,0.6264609636021976
18 Wheels of Steel: Extreme Trucker 2,0.5437556096629124
Nobunaga no Yabou: Tenshoki,0.20277388080368516
F1 Racing Championship,0.527398990948512
Dead Man's Hand,0.6139503093516129
Smash Cars,0.519238869149057
NASCAR 07,0.5110787473496028
Merv Griffin's Crosswords,0.6495114695003501
Tecmo Bowl: Kickoff,0.6756167185187536
Lost Horizon,0.328759479119219
SingStar Latino,0.6622188503457432
NFL Tour,0.6524781858625532
Digimon World 4,0.5094541561885364
MLB 2K9 Fantasy All-Stars,0.4982217122961713
Spectral Force 3,0.49478619236019794
Ford Racing 3,0.5045709053207188
MLB SlugFest Loaded,0.5237698385237831
Sotsugyou Crossworld,0.1660568712670445
Ty the Tasmanian Tiger 3: Night of the Quinkan,0.4924052447450089
The Amazing Spider-Man (Console Version),0.38928139874934164
Ys I & II Chronicles,0.3542064112701052
R: Racing Evolution,0.4490659573796153
Bionicle,0.43962033740372386
The Ant Bully,0.4753541225177683
Risen 3: Titan Lords,0.28791760631204855
Bleach GC: Tasogare Ni Mamieru Shinigami,0.12454469520977707
Chou Jigen Game Neptune Mk-II,0.14215200003011436
Battle Fantasia,0.42536377842181117
Jikkyou Powerful Pro Yakyuu 2000 Ketteiban,0.16958298625283447
Karaoke Revolution,0.4548670224096699
Fire Pro Wrestling Returns,0.3814612881859216
Obscure: The Aftermath,0.40016156114861445
Jimmy Neutron: Boy Genius,0.4981822081455617
Henry Hatsworth in the Puzzling Adventure,0.4721164632777678
Derby Stallion,0.18638812896336102
Rollcage Stage II,0.43408754652286985
Samurai Warriors 2: Xtreme Legends,0.3473766538073295
Dead or Alive 5,0.39513288479540354
Karaoke Joysound Wii DX,0.1485098953919872
Sloane to MacHale no Nazo no Monogatari 2,0.13308247394677555
Game Hits!,0.46168531146696123
Spider-Man: Edge of Time,0.41786001260517835
Tabi no Yubisashi Kaiwachou DS: DS Series 4 America,0.15667001719144213
Invasion From Beyond,0.43245705467155793
Jumper: Griffin's Story,0.4722971997170341
Forgotten Realms: Demon Stone,0.4369002968039061
Major League Baseball 2K7,0.5036617934958076
Rock Band 3,0.46168531146696123
LEGO Star Wars II: The Original Trilogy,0.4314602156042696
Dynasty Warriors 8: Empires,0.11694296678713202
Batman: A Telltale Game Series,0.3116819217194684
Tim Burton's The Nightmare Before Christmas: Oogie's Revenge,0.41101796628607
Mahjong Master,0.1838704231896241
Crash Boom Bang!,0.47256547386623404
Royal Palace of White Sword and The City of Gentiles,0.451229167647615
Top Gear Rally,0.4490659573796153
Red Faction: Armageddon,0.36201007098920013
BIT.TRIP COMPLETE,0.4358267382109422
L: the proLogue to DEATH NOTE - Rasen no Wana,0.11010092046802439
Rugby 15,0.3662088054162601
Famicom Mini: Makaimura,0.1276751122757038
The Witch and the Hundred Knight,0.22646786215457035
XIII,0.5002203728695883
Kuroko's Basketball: Ties to Future,0.11422292618731417
Data East Arcade Classics,0.4848238441231616
Ski and Shoot,0.4083876222711882
The Incredibles: Rise of the Underminer,0.4341802562040875
Theme Hospital,0.3267808195107671
Inazuma Eleven 3,0.29063764691186705
Wizardry: Tale of the Forsaken Land,0.38074580884976605
ShellShock 2: Blood Trails,0.4025366080735574
Just Dance Wii U,0.13490969239289588
F.E.A.R. Files,0.4542537545855946
ChuChu Rocket!,0.45104035700195
FIFA 12,0.09715463453860637
Codename Tenka,0.4351770952713757
Savage Skies,0.36335190373136383
Indianapolis 500 Legends,0.4844628602927433
Sega Bass Fishing,0.18638812896336102
Walt Disney's The Jungle Book: Rhythm N'Groove,0.44260865215274237
Assassin's Creed Chronicles,0.23247933666635204
The Smurfs 2,0.3286732518095181
Lara Croft and the Temple of Osiris,0.23578223898380027
Million God,0.16755017959071491
Cyberia,0.4382421295460691
The Sims 2: Apartment Life,0.26634075837660304
Killer7,0.35281673500696586
Age of Mythology,0.35576618577733066
Busy Scissors,0.48109539431129067
Lost Heroes,0.13943195943029651
Astro Boy,0.3555367756067844
RollerCoaster Tycoon 3: Platinum,0.28938107543695446
SD Gundam G Generation Genesis,0.11748282398608534
Wacky World of Sports,0.4982217122961713
Puss in Boots,0.4409985452613788
Monster House,0.4082979256862521
Wing Commander IV: The Price of Freedom,0.4470403241403257
Cloudy With a Chance of Meatballs,0.4089690121773921
Charlotte's Web,0.47773728091667045
MetropolisMania,0.36967683580482835
Mystery Stories: Curse of the Ancient Spirits,0.34842065737476013
Shin Megami Tensei: Devil Summoner - Raidou Kuzunoha vs. The Soulless Army,0.1557522030292057
Bomberman Land Touch!,0.30371703935637223
Monster Jam: Urban Assault,0.48174281969292543
My Make-Up,0.49026392532279794
50 Cent: Bulletproof,0.47773728091667045
Princess Maker 2,0.16877691186686233
NCAA Football 08,0.4573847281834068
SRS: Street Racing Syndicate,0.5045709053207188
Ephemeral Fantasia,0.3834658494495846
1 vs. 100,0.49026392532279794
Winter Sports 2: The Next Challenge,0.37330116638646726
Destroy All Humans! Path of the Furon,0.2844688978676124
Major League Baseball 2K9,0.4982217122961713
Aibou DS,0.09329577775749719
Great Party Games,0.26462912698883756
Tokimeki Memorial: Taisen Pazurudama,0.15435789963370378
Beat Sketch!,0.13170475268146067
Bleach: Heat the Soul 5,0.1163845734103228
Koudelka,0.4444108785903238
Animal Planet: Emergency Vets,0.48381543491110846
IHRA Drag Racing: Sportsman Edition,0.3595423143830394
Virtua Fighter CG Portrait Series Vol.2: Jacky Bryant,0.17250536167873326
Famicom Mini: Famicom Mukashi Banashi - Shin Oniga Shima Zenkouhen,0.10689598075658852
Counter-Strike: Source,0.26535769190692593
Puzzle Chronicles,0.4111714341370286
Ski-Doo Snowmobile Challenge,0.479022779093107
Gray Matter,0.2670571361776385
Brain Voyage,0.3934729826804645
America's Army: True Soldiers,0.47739228724179494
Adventure Time: Finn & Jake Investigations,0.33756425223730446
Toukiden 2,0.09741778347678696
Raiden Fighters Aces,0.4283951813295762
My Stop Smoking Coach: Allen Carr's EasyWay,0.43203893678187666
SD Gundam G Generation Genesis,0.10339772187537667
NASCAR The Game: Inside Line,0.41263766875273145
Star Wars: Empire at War,0.28666103483713656
Pachitte Chonmage Tatsujin 13: Pachinko Hissatsu Shigotojin III,0.13986487448091495
BlazBlue Central Fiction,0.2570986922219183
Wreckin Crew,0.4395276277225063
Theme Park,0.1714969524666809
Famicom Mini: Mario Bros.,0.1276751122757038
RockMan EXE 4.5 Real Operation,0.14710718211813342
Rescue Heroes: Billy Blazes,0.43962033740372386
Jaws: Ultimate Predator,0.4641370779175792
Are You Smarter Than a 5th Grader? Back to School,0.4848238441231616
Sega GT Online,0.4490659573796153
SingStar: Made In Germany,0.23226271170393453
Derby Tsuku: Derby Uma o Tsukurou!,0.16958298625283447
Frantix,0.4829966256770405
Knights in the Nightmare,0.40106633830013627
SeaWorld Adventure Parks: Shamu's Deep Sea Adventure,0.41101796628607
Marvel Nemesis: Rise of the Imperfects,0.4776637866514779
Prisoner of War,0.4191780880855249
Konami Classics Vol. 1,0.4875438847229794
Princess Isabella: A Witch's Curse,0.37427923063077906
S.C.A.R.S,0.4395276277225063
The King of Fighters '98: Dream Match Never Ends,0.424568432281786
The Seven Deadly Sins: Unjust Sin,0.07697553415858802
ESPN NFL Primetime 2002,0.3923414505851943
Zoids: Legacy,0.45666924884725135
Kidou Senshi Gundam 00,0.1191781082753332
Nano Assault,0.46651212484252214
Captain America: Super Soldier,0.35963502406425707
Onimusha Tactics,0.44560027580231365
Bomberman Jetters,0.4448796821640947
Nikoli's Pencil Puzzle,0.39726078410953014
TOCA Race Driver 3,0.3595423143830394
Mad Dog McCree: Gunslinger Pack,0.4137272175012373
Deadliest Catch: Sea of Chaos,0.4955016716963534
Pac-Man Power Pack,0.36262333881327546
How to Train Your Dragon 2,0.3171220029191048
Blacksite: Area 51,0.4542537545855946
Disney's Donald Duck: Goin' Quackers,0.364033779607155
Ultimate Brain Games,0.4575870630094877
Charm Girls Club: My Fashion Show,0.49197555671056337
Angry Birds Star Wars,0.2788113600660887
Exit,0.4247716371361193
Armorines: Project S.W.A.R.M.,0.42701697347192147
Gundam Seed: Battle Assault,0.43410676193889564
Harvey Birdman: Attorney at Law,0.4491349097990166
Chibi Maruko-Chan: Harikiri 365-Nichi no Maki,0.18338552407800607
The Voice,0.397751967577203
SaGa 3: Jikuu no Hasha - Shadow or Light,0.1280668979194057
Thomas & Friends: Hero of the Rails,0.26462912698883756
The Secret Saturdays: Beasts of the 5th Sun,0.46957715911721554
Wonder World Amusement Park,0.4875438847229794
Famicom Mini: Adventure Island,0.130058270674606
Aliens versus Predator: Extinction,0.44560027580231365
Bejeweled 3,0.2954787708560267
RTX Red Rock,0.36063186313154527
Tokimeki Memorial: Girl's Side,0.1123360619562249
FIFA Street 2,0.46010476878322537
Smart Bomb,0.4247716371361193
Edna & Harvey: Harvey's New Eyes,0.2207800708652377
Shining Force: Resurrection of the Dark Dragon,0.45394920824743346
Shining Soul II,0.45666924884725135
Orega Kantoku Da! Gekitou Pennant Race,0.16958298625283447
Guilty Gear XX Accent Core Plus,0.26980558647497277
The Golf Club,0.3801194554437579
Hello Kitty: Roller Rescue,0.4341802562040875
Jikkyou Powerful Pro Yakyuu 12,0.15598278325374315
Metal Slug Advance,0.439275343728849
Pac-Man World Rally,0.44090583558016105
Gradius Galaxies,0.44743546552830327
Blazing Angels: Squadrons of WWII,0.44569849139816253
God Eater Resurrection,0.1001378240766055
Mortal Kombat Kollection,0.3418630783425012
NHL 2K7,0.4481568455547049
LEGO Soccer Mania,0.38962140998537653
Blades of Blood: Samurai Shodown III,0.4354485946810587
MotoGP 14,0.3377819895844931
Gundam the 3D Battle,0.11101798647587828
Air Conflicts: Secret Wars,0.4320982883990713
Face Racers: Photo Finish,0.4871829008925619
Miami Nights: Singles in the City,0.486535475510927
Shovel Knight,0.2650081820689604
Godzilla Generations,0.14637851427351517
Strider 2,0.4222587681480763
Forbidden Siren 2,0.12461818947496961
Board Game Classics,0.45214698180985136
Invizimals: The Alliance,0.20341582369889788
Midnight Play! Pack,0.49026392532279794
Junior Mystery Quest,0.443537849421931
Death Jr. and the Science Fair of Doom,0.47263408191794976
101-in-1 Sports Megamix,0.4955016716963534
Shin Megami Tensei: Digital Devil Saga 2,0.36986564645049336
Pro Evolution Soccer 2013,0.269866873362393
Transformers: Devastation,0.30247779635258354
Playmobil Pirates,0.41135217057629436
Zatch Bell! Mamodo Battles,0.35002320014195554
The Penguins of Madagascar: Dr. Blowhole Returns - Again!,0.3364964914080567
Wildlife Park 3,0.2581806365771481
Get Fit with Mel B,0.34472255253063055
Battleborn,0.3603577912186293
Dream Day: Wedding Destinations,0.48381543491110846
Agatha Christie: Evil Under the Sun,0.36777138860189484
Cloudy With a Chance of Meatballs,0.4089690121773921
Iron Man / X-O Manowar in Heavy Metal,0.4331389305473491
Kamen Rider: Travelers Senki,0.10557790527624189
Derby Stallion 98,0.17502306745247087
Pimp My Ride: Street Racing,0.3513821925835845
Pretty Rhythm: My Deco Rainbow Wedding,0.12354463088200575
Robotron X,0.4378971358711943
Naruto Shippuden: Shinobi Rumble,0.2433641515013242
Martian Panic,0.44369482859938025
J-League Winning Eleven 2009: Club Championship,0.14510262085447037
Don King Boxing,0.41685819109904954
Build 'n Race,0.479022779093107
Grand Prix Challenge,0.3704224767823122
Meitantei Conan & Kindaichi Shounen no Jikenbou: Meguri au Futari no Meitantei,0.09329577775749719
Guilty Gear Xrd -Revelator-,0.22704390790241435
FIFA Soccer 2005,0.4655448499828617
PoPoLoCrois (JP sales),0.1443871415183149
ShellShock 2: Blood Trails,0.3443116195326361
Ken to Mahou to Gakuen Mono. 2,0.13350697911904208
Mega Man Legacy Collection,0.3899287279786644
Knights Contract,0.3364964914080567
Kaijuu Busters Powered,0.11101798647587828
NHL 06,0.46282480938304327
The Spiderwick Chronicles,0.4140722111761128
Initial D: Extreme Stage,0.1286237282512246
Pinobee: Wings of Adventure,0.4426772602044581
Touch Mechanic,0.486535475510927
State of Emergency 2,0.352471741332091
Sushi Academy,0.46957715911721554
Gintama Gin-Oh Quest: Gin-San ga Tenshoku Shitari Sekai wo Sukuttari,0.13894706031867848
One Piece: Romance Dawn - Bouken no Yoake,0.10278437041123148
I Am In The Movie,0.12253622166995336
Fatal Frame III: The Tormented,0.35281673500696586
Zero: Tsukihami no Kamen,0.12461818947496961
Seven Samurai 20XX,0.3555367756067844
Generator Rex: Agent of Providence,0.38277355672045743
Adventure Time: The Secret of the Nameless Kingdom,0.23578223898380027
Risen 3: Titan Lords,0.29910821573972846
"Hisshou Pachinko*Pachi-Slot Kouryaku Series DS Vol. 2: Shinseiki Evangelion - Shito, Futatabi",0.13714483388109705
Transformers: Devastation,0.37189339432118473
Jikkyou Powerful Pro Yakyuu 15,0.1478226614542889
Tornado Outbreak,0.41135217057629436
Ninjabread Man,0.4167922517759307
Tom Clancy's Splinter Cell: Pandora Tomorrow,0.4369002968039061
DanceDanceRevolution,0.4783753537114721
Battlefield 2,0.26263765130710737
Slayers Royal,0.16342742571704258
Swingerz Golf,0.4709849311824982
Pro Evolution Soccer 2008 (JP sales),0.15054270205410678
Murder in Venice,0.33647273414623957
Titanfall 2,0.302132802677708
Persona 4: Arena Ultimax,0.3718199000559921
Supremacy MMA,0.35684148919924674
Pretty Rhythm Rainbow Live: Kira Kira My * Design,0.12354463088200575
The King of Fighters 2006,0.17288079270347537
The Hidden,0.45457499099865295
Nobunaga's Ambition: Rise to Power,0.1360382090731957
FIFA Soccer 2003,0.4709849311824982
DaGeDar,0.4641370779175792
Little League World Series Baseball 2010,0.4372766831554321
Outlaw Golf,0.4709849311824982
Steins;Gate: Hiyoku Renri no Darling,0.0878556965578608
Major League Baseball 2K11,0.4114181098994131
King's Field (Japan),0.17430758811631536
Slam 'n Jam '96 featuring Magic & Kareem,0.4086616941841036
Petz: Dogz Family,0.37931338105778645
My English Coach: Para Hispanoparlantes,0.4293188961820582
ToraDora Portable!,0.09329577775749719
The Italian Job,0.4490659573796153
Smuggler's Run: Warzones,0.46030710360930627
SafeCracker: The Ultimate Puzzle Adventure,0.4516979712213859
Warriors Orochi 3 Hyper,0.32686019914493536
Diva Girls: Divas on Ice,0.43999672375525
NBA 10: The Inside,0.43999672375525
Kaidan Restaurant: Ura Menu 100-Sen,0.13170475268146067
Qubed,0.4138914747368465
R/C Stunt Copter,0.3860952949995865
Yamakawa Shuppansha Kanshuu: Shousetsu Sekaishi B,0.13986487448091495
Cartoon Network: Punch Time Explosion XL,0.4382050103963684
Final Fantasy VI,0.16070738511722404
PAC-MAN and the Ghostly Adventures,0.2704482632685968
WSC Real 11: World Snooker Championship,0.23750045807748996
Pop'n Music,0.4293188961820582
Jikkyou Powerful Major League 2009,0.14510262085447037
Space Channel 5 Special Edition,0.37622354181236617
The Legend of Alon D'ar,0.38074580884976605
Uta no Prince-Sama: All Star After Secret,0.1001378240766055
The Sims 3: Fast Lane Stuff,0.24895275394844615
Black/Matrix,0.15235845267210488
My Friends,0.4293188961820582
Big Mutha Truckers,0.4490659573796153
Man vs. Wild,0.40863212997647647
The King of Fighters '96,0.13221991789761395
Legend of the Guardians: The Owls of Ga'Hoole,0.385493597320276
Super Robot Taisen OG Saga: Endless Frontier,0.4311211226196403
Sniper: Ghost Warrior 2,0.2871543918209626
Samurai Shodown Sen,0.44364509159600485
NHL Breakaway 99,0.5050036262379713
Tony Hawk's Pro Skater 3,0.4709849311824982
Iggy's Reckin' Balls,0.46266616037870656
The Space Bar,0.12865630555513408
Bust-A-Move 2 Arcade Edition,0.4584798851631853
Knife Edge: NoseGunner,0.4555955873277582
Wetrix,0.4557598445633674
EyeCreate,0.27278924878829186
Samurai Western,0.3555367756067844
Looney Tunes: Acme Arsenal,0.39365371911973024
Line Rider 2: Unbound,0.4166115153366651
Princess in Love,0.4255904463701873
Harry Potter and the Sorcerer's Stone,0.43962033740372386
High Heat Major League Baseball 2004,0.4682648905826796
TimeSplitters: Future Perfect,0.43655530312903057
Pro Cycling Manager 2016,0.25898671096311954
Sports Collection,0.41413815049923164
Captain Tsubasa: New Kick Off,0.18438528780267693
Puzzler Mind Gym 3D,0.40845139353721016
"Warhammer 40,000: Dawn of War II - Retribution",0.21483584329712396
Kenshuui Tendo Dokuta,0.14429654646849893
Super Sentai Battle: Ranger Cross,0.11101798647587828
The Sims 2: Ikea Home Stuff,0.26634075837660304
AKB1/149: Love Election,0.0824156153582244
Pilot ni Narou! 2,0.15245666826795318
Gradius III and IV,0.3687919849310002
Ken to Mahou to Gakuen Mono. Final: Shinnyusei wa Ohimesama,0.11699792487446799
Sherlock Holmes: Crimes & Punishments,0.2820355470343839
Incredible Crisis,0.36913697860587513
Midway Arcade Treasures 3,0.45214698180985136
SingStar Apres-Ski Party 2,0.22954267110411666
Samurai Shodown III,0.15174510120795903
The King of Fighters EX2: Howling Blood,0.4395468431385321
Cabela's North American Adventures,0.3678610851868309
Akiba's Trip Plus,0.08513565595804294
Famicom Mini: SD Gundam World Gachapon Senshi - Scramble Wars,0.1360382090731957
Little League World Series Baseball: Double Play,0.4372766831554321
Kobitodzukan: Kobito no Fushigi - Jikken Set,0.12354463088200575
Bakugan: Rise of the Resistance,0.36561496246284686
Ice Age 2: The Meltdown,0.39399060132064656
Famicom Mini: Star Soldier,0.132433317599549
Sentimental Graffiti 2,0.1177761431558613
Shonen Jump's One Piece: Pirates Carnival,0.45214698180985136
The Bachelor: The Videogame,0.4265988555822403
Goblin Commander: Unleash the Horde,0.44560027580231365
Doraemon: Nobita and the Island of Miracles,0.10829794587606043
Gekijouban Madoka Magicka: The Battle Pentagram,0.10557790527624189
Sentimental Graffiti: First Window,0.12593626495531557
Cartoon Network Collection: Game Boy Advance Video Volume 2,0.4548670224096699
Knights Contract,0.394721479948978
Tempest 3X,0.3823921879300909
Hidden Invasion,0.3660719443311816
A-Train,0.26397293639059116
Get Fit with Mel B,0.25110066107658124
Disney's Meet the Robinsons,0.4167922517759307
Superman: Shadow of Apokolips,0.43962033740372386
Pony Friends 2,0.3330363157453856
Armored Core 3 Portable,0.13069634346940762
PAC-MAN and the Ghostly Adventures,0.3286732518095181
Bleach: Erabareshi Tamashii,0.10417594015676998
Sengoku Musou 3: Moushouden,0.11101798647587828
Witches & Vampires: The Secrets of Ashburry,0.33919277474605813
Batman: Dark Tomorrow,0.43962033740372386
Pac-Man and the Ghostly Adventures 2,0.2820355470343839
Crush,0.41933155593648297
Discovery Kids: Spider Quest,0.4293188961820582
Yuu Yuu Hakusho: Makyo Toitsusen,0.15446514180777754
The First Templar,0.38277355672045743
Rock Revolution,0.4374790179815131
Ogre Battle Series: Tactics Ogre,0.39162597124903886
Ultimate Card Games DS,0.4200521495747026
Jillian Michaels Fitness Ultimatum 2010,0.43999672375525
Battlestar Galactica,0.4419953843286669
Fireblade,0.4423403780035424
Earth Defense Force 2017,0.28709263308511135
Tomb Raider: Legend,0.4314602156042696
Boxing Fever,0.47370497178231596
RoadKill,0.43962033740372386
The $1 Pyramid,0.42387881498242175
Game of Thrones,0.25827123162696475
From Russia With Love,0.4195122923757493
UEFA Euro 2016,0.19598264964108286
7 Wonders of the Ancient World,0.41933155593648297
Gintama: Gin-San to Issho! Boku no Kabuki Machi Nikki,0.12189814887515107
Lost Dimension,0.24515758496318343
Indycar Series 2005,0.4369002968039061
Resident Evil 6,0.3364619447615882
Final Fantasy XI: Vana'diel Collection 2008,0.3202856788206443
Assassin's Creed: Rogue,0.3487548616649844
Taz Wanted,0.4399572196046403
Drama Queens,0.4293188961820582
Wordfish,0.4166115153366651
Tomb Raider: Underworld,0.21701602669798917
Penny Racers Party: Turbo-Q Speedway,0.42351783115200425
Skydiving Extreme,0.3923414505851943
Evil Dead: Regeneration,0.4341802562040875
Evolution Worlds,0.4593892894470699
Far Cry Vengeance,0.39874880664449175
Petz Fantasy: Sunshine Magic,0.4228704057703694
Code Lyoko: Fall of X.A.N.A.,0.3909099212580953
Worms: A Space Oddity,0.43200007280322295
Motto! Stitch! DS Rhythm de Rakugaki Daisakusen,0.13170475268146067
Rapala Pro Bass Fishing 2010,0.3678610851868309
Dungeon Travelers 2: The Royal Library & The Monster Seal,0.1226268167197693
MLB Front Office Manager,0.43999672375525
Sub Rebellion,0.3752151326003138
Horrid Henry's Horrid Adventure,0.22350011146505624
X Rebirth,0.2878270112622326
Striker 96,0.4086616941841036
Pocket Dogs,0.4548670224096699
Tokimeki Memorial 4,0.09329577775749719
Bleach: Heat the Soul 4,0.11910461401014066
Song of the Deep,0.33408689783664525
Dragon's Dogma Online,0.11718673552013292
Real Robots Final Attack,0.1346684590877495
New International Track & Field,0.44271676435506857
World Series of Poker 2008: Battle for the Bracelets,0.4116204447254941
P.N.03 - Product Number Three,0.4419953843286669
Boku no Natsuyasumi 3: Hokkoku Hen: Chiisana Boku no Dai Sougen‚Äã,0.09873585895713359
Ape Escape: Pumped & Primed,0.3735035012125483
Super Monkey Ball Adventure,0.3708520686644462
Monster Trucks DS,0.4316779529514585
FabStyle,0.11699792487446799
Outlaw Tennis,0.3814612881859216
Medabots Dual: Kabuto / Kuwagata,0.1226268167197693
Happy Feet Two,0.3963737597195488
Adventure Time: Explore the Dungeon Because I Don't Know!,0.3079178775522199
LEGO Soccer Mania,0.4709849311824982
Worms: Open Warfare,0.3792151654619381
Resident Evil Zero,0.3460348210651658
Gadget Racers,0.37586255798194856
Phantasy Star Online Episode III: C.A.R.D. Revolution,0.45666924884725135
Assassin's Creed The Ezio Collection,0.299757755752765
ZhuZhu Babies,0.39701183251435035
Bleach: Heat the Soul 7,0.11094449221068642
Nanashi no Game,0.09601581835731572
Diego's Build & Rescue,0.40863212997647647
Auto Destruct,0.3718570192056936
Ultimate Ghosts 'n Goblins,0.41712913397684703
Samurai Warriors 2,0.4545987482604702
TrackMania DS,0.40037929849580367
Dangerous Ji-San to 1000-nin no Otomodachi Yokoshima,0.10829794587606043
GOTHA: Ismailia Seneki,0.16051857447155912
Ultimate Fighting Championship: Throwdown,0.4395468431385321
Major League Baseball 2K12,0.43183660195579576
Zoo Tycoon (2013),0.33410407657463337
Silent Hunter III,0.27450088017605734
Alien Syndrome,0.4338411632194582
Deep Fear,0.12321622435549769
Skeleton Warriors,0.3749139420064278
Ford vs. Chevy,0.44362587617997895
Endgame,0.36335190373136383
The Dukes of Hazzard: Return of the General Lee,0.4463459167797974
Criminal Girls: Invite Only,0.13078693851922424
Ultimate Duck Hunting,0.43999672375525
Just Dance: Disney Party 2,0.37189339432118473
Dreamer Series: Shop Owner,0.4255904463701873
Virus,0.15147360179827604
Jikkyou Powerful Pro Yakyuu Next,0.14510262085447037
The Sims 3: Barnacle Bay,0.4201503651705508
WWE Crush Hour,0.4490659573796153
Metal Gear Solid V: The Phantom Pain,0.2330621983839824
Dragon Shadow Spell,0.13894706031867848
Dragon Slayer: The Legend of Heroes,0.17430758811631536
Sound Novel Tsukuru,0.16978532107891542
The Idolm@ster,0.13613642466904402
Momotarou Dentetsu 11,0.13937997536929758
NHL Hitz 20-03,0.4709849311824982
Adventure Time: Finn & Jake Investigations,0.33756425223730446
Guilty Gear XX Slash,0.1218246546099592
C.O.P.: The Recruit,0.36507510526389353
Mission Runway,0.46339694285472666
Urban Reign,0.35281673500696586
Super Robot Taisen Z Special Disc,0.13442479328127854
Slayers Royal 2,0.16342742571704258
Cate West: The Vanishing Files,0.38818988065827686
Soul Bubbles,0.37033445002426424
Resident Evil 3: Nemesis,0.43962033740372386
All-Star Baseball 2004,0.4682648905826796
Bangai-O Spirits,0.4164472581010559
Valentino Rossi: The Game,0.22783985453153474
Ultimate Party Challenge,0.4293188961820582
Team Elimination Games,0.4293188961820582
Whac-A-Mole,0.4247716371361193
Samurai Warriors Chronicles 3,0.10285786467642336
Winter Stars,0.26063899073369035
Dawn of Heroes,0.42568104142000385
Lost in Blue: Shipwrecked,0.3909099212580953
Salon Superstar,0.4255904463701873
Scooby-Doo! Who's Watching Who?,0.3963500024577318
Madden NFL 08,0.4573847281834068
Aliens in the Attic,0.41135217057629436
Ro-Kyu-Bu!,0.0878556965578608
Frogger Beyond,0.4399572196046403
Katekyoo Hitman Reborn! DS: Flame Rumble Kaien Ring Soudatsuen!,0.11910461401014066
World Championship Poker: Deluxe Series,0.440199058581331
Stuart Little 3: Big Photo Adventure,0.35043357660806373
"Ni Hao, Kai-lan: Super Game Day",0.359903298213457
Serious Sam 3: BFE,0.23436948447967768
Ultimate Shooting Collection,0.4164472581010559
Pro Yakyuu Famista DS 2010,0.1423825802546525
Katekyoo Hitman Reborn! DS: Flame Rumble Hyper - Moeyo Mirai,0.1163845734103228
Captain Tsubasa,0.1532627426539253
Infernal: Hell's Vengeance,0.39058868484503684
Pitfall: The Lost Expedition,0.43451713840500383
No One Can Stop Mr. Domino!,0.38982374481145743
Man vs. Wild,0.4059120893766579
GT Advance 3: Pro Concept Racing,0.3935610094385126
Duke Nukem: Land of the Babes,0.3687919849310002
Majin Tensei,0.17430758811631536
Yoru no Nai Kuni,0.11718673552013292
Dragon Force II: Kamisarishi Daichi ni,0.15235845267210488
Monkey Hero,0.3718570192056936
Sumikko Gurashi: Mura o Tsukurundesu,0.11538450908255082
Puchi Puchi Virus,0.41933155593648297
Krazy Ivan,0.39425541679904075
Need For Speed: Undercover,0.2615481025586015
Quo Vadis,0.16051857447155912
Need for Speed: Most Wanted,0.2155814842746078
PQ: Practical Intelligence Quotient,0.4247716371361193
The Wolf Among Us,0.3283126123467847
Fate/Tiger Colosseum,0.11910461401014066
SCORE International Baja 1000: The Official Game,0.42351783115200425
10 Minute Solution,0.41413815049923164
Dragon Ball Z: The Legacy of Goku I & II,0.3930041791066937
Family Game Night 4: The Game Show,0.42387881498242175
R: Racing Evolution,0.4490659573796153
Romance of the Three Kingdoms 13,0.17433249482632204
Zero Escape: Zero Time Dilemma,0.2808698235991239
Stella Deus: The Gate of Eternity,0.3615167140053741
Vietcong: Purple Haze,0.439275343728849
Conflict: Desert Storm,0.4419953843286669
One Piece: Gear Spirit,0.11910461401014066
Tales of Fandom Vol.2,0.13894706031867848
Genkai Totsuki Moero Chronicle,0.11990677611995076
Minna no Joushiki Ryoku TV,0.13714483388109705
P.T.O. IV: Pacific Theater of Operations,0.36695679520501057
Bella Sara,0.36262333881327546
Tears to Tiara: Garland of the Earth,0.1251580466739229
The Penguins of Madagascar: Dr. Blowhole Returns - Again!,0.3364964914080567
Backyard NBA Basketball,0.44543680495488647
Mind Quiz: Your Brain Coach,0.14258491508073345
Elebits: The Adventures of Kai and Zero,0.3909099212580953
Aikatsu! My No.1 Stage!,0.11810454968236936
Codename: Kids Next Door: Operation S.O.D.A.,0.37629214986408266
Far Cry Instincts Evolution,0.4338352625292127
Pinball Hall of Fame: The Gottlieb Collection,0.4548670224096699
Conception: Please Give Birth to My Child!,0.12534685731958783
Rayman Origins,0.2037527058998142
Medal of Honor: Underground,0.3864904363875642
Super Football,0.4998376169512504
The Idolmaster: Gravure For You! Vol. 3,0.12898471208164214
Cosmic Family,0.43475897738169456
Scooby-Doo! Unmasked,0.4317970978051854
Yoru no Nai Kuni,0.11718673552013292
Driven,0.45178599797943386
Dynasty Warriors 3,0.4423403780035424
Tennis no Oji-Sama Gyutto! DokiDoki Survival - Umi to Yama no Love Passion,0.139662539654834
Nicola Kanshuu: Model Oshare * Audition Platina,0.10829794587606043
Jimmie Johnson's Anything With an Engine,0.41535770935254934
MTV Music Generator 3: This Is the Remix,0.4548670224096699
Fairy Tail: Portable Guild 2,0.10822445161086788
Party Pigs: Farmyard Games,0.4293188961820582
Imagine: My Restaurant,0.26362071777678453
Grand Ages: Medieval,0.19703942923454765
Wizardry: Llylgamyn Saga,0.14934232360633393
Supremacy MMA,0.24961939474610678
Kinnikuman Muscle Grand Prix Max 2: Tokumori,0.10229947129961414
Gale Racer,0.15261919453797068
In The Groove,0.3707834606127297
The Legend of Kage 2,0.4140722111761128
Myst,0.11729124404424328
World Tour Soccer 06,0.4481568455547049
Baroque,0.4311211226196403
Lost Dimension,0.3334373578236087
Killer Instinct (2013),0.3282628753434099
AKB1/149: Love Election,0.07105055384733427
Naruto Shippuden: Gekito Ninja Taisen! EX 3,0.10229947129961414
Boku no Natsuyasumi Portable 2: Nazo Nazo Shimai to Chinbotsusen no Himitsu,0.07649063504697066
Magic Pengel: The Quest for Color,0.37802576824994827
Super Baseball,0.4998376169512504
Kenka Banchou 6: Soul & Blood,0.08325918710088644
Jikkyou Powerful Pro Yakyuu 2011 Ketteiban,0.12557743754412531
Kung Fu Panda: Legendary Warriors,0.4140722111761128
Formula One World Championship: Beyond the Limit,0.15261919453797068
Medabots 8,0.10582167400924211
Divinity: Original Sin,0.3426652404523114
Little League World Series Baseball: Double Play,0.4372766831554321
Hakuouki DS,0.07649063504697066
Buster Bros. Collection,0.37711636396606363
Agatha Christie: And Then There Were None,0.36777138860189484
Sony Computer Science Kenkyuujo Mogi Kenichirou Hakase Kanshuu: Nou ni Kaikan Aha Taiken!,0.1284998129700248
Grease Dance,0.3776017496700209
Mega Man Battle Network: Operation Shooting Star,0.12758199880778837
Futurama,0.3558736578077001
Famicom Mini: Hikari Shinwa: Palutena no Kagami,0.11359001016499512
The History Channel: Battle for the Pacific,0.4164472581010559
Animal Kingdom: Wildlife Expedition,0.38818988065827686
Rayman 3: Hoodlum Havoc,0.43723717900482173
Momotarou Dentetsu Tag Match: Yuujou - Doryoku - Shouri no Maki!,0.11761965057075201
Superman Returns,0.4195122923757493
My First Songs,0.22954267110411666
Super Ghouls 'n Ghosts,0.381732231063719
Boxing,0.3636234031410468
NHL Open Ice,0.4059416535842857
Legend of the Guardians: The Owls of Ga'Hoole,0.385493597320276
Gundam Battle Tactics,0.1132531279640788
Touch Detective: Nameko Shigeru,0.06833051324751574
Need for Speed Underground 2,0.23734180907315336
Sky Gunner,0.3636968974062387
And1 Streetball,0.4314602156042696
Gladius,0.4105138199175927
The Hustle: Detroit Streets,0.4508768861545228
PhotoKano,0.06833051324751574
Warriors Orochi 3,0.09149280316553322
Real Sound: Kaze no Riguretto,0.11185116284460689
Blood Drive,0.4180777499523678
Again,0.38818988065827686
Soccer Tsuku: Pro Soccer Club o Tsukurou!,0.12013735634448892
Summon Night 4,0.11126175520887918
Escape Dead Island,0.3283363696086018
Torchlight,0.23134489754169807
Pac-Man World 3,0.41984917457666493
Rogue Trooper: Quartz Zone Massacre,0.3555022289603159
Hero Bank,0.10582167400924211
Disney's Planes,0.3452946860023133
Winx Club,0.3783303145881093
World Party Games,0.4293188961820582
Classic Road,0.16909808714121644
Cartoon Network: Punch Time Explosion XL,0.4031185545116476
Utawarerumono: Itsuwari no Kamen,0.06289043204787935
Damage Inc.: Pacific Squadron WWII,0.41743032457073304
My Fun Facts Coach,0.43203893678187666
The Idolm@ster: Live for You!,0.1230597317703884
Tokimeki Memorial Girl's Side Premium: 3rd Story,0.07105055384733427
Smashing Drive,0.40581937969544013
Open Season,0.41712913397684703
Mega Man Xtreme,0.1244701725642679
America's Next Top Model,0.40863212997647647
Bomberman Max 2: Red Advance,0.3866546936231734
F.E.A.R. 2: Project Origin,0.2980345542202354
Margot's Word Brain,0.4166115153366651
Toy Soldiers: War Chest,0.3368069384364638
Godai: Elemental Force,0.3609768568064209
Chronicles of Mystery: The Secret Tree of Life,0.29019566883383885
Still Life,0.35279297774514884
Big Mutha Truckers 2,0.38540088763905767
Hang On GP,0.14989915393815212
Uprising X,0.3718570192056936
SpongeBob's Truth or Square,0.3187980399514927
Mega Man Xtreme 2,0.12175013196444937
"Sesame Street: Ready, Set, Grover!",0.42387881498242175
I-Ninja,0.37901219046390044
Sigma Harmonics,0.12214191760815196
Gunblade NY & L.A. Machineguns Arcade Hits Pack,0.38786864424521894
The Lord of the Rings: The Battle for Middle-Earth,0.29210111603677297
Kessen III,0.3615167140053741
Learn Geography,0.4293188961820582
Harlem Globetrotters: World Tour,0.4481568455547049
The King of Fighters Collection: The Orochi Saga,0.4112786763111025
Summon Night,0.12214191760815196
Aero Elite: Combat Academy,0.3752151326003138
"3 in 1: Solitaire, Mahjong & Tangram",0.26462912698883756
Wrath Unleashed,0.3615167140053741
Beyond Good & Evil,0.38137159160098555
Divinity II: Ego Draconis,0.2544834301978985
Pong / Asteroids / Yars' Revenge,0.3939219932689302
Commandos 2: Men of Courage,0.3900953278612109
Emergency 2012,0.27209128660464654
Winter Sports 2: The Next Challenge,0.419578231698868
NO√´L: La Neige,0.10913112224478903
Busou Shinki: Battle Masters,0.09965292496498815
Overlord: Minions,0.4138914747368465
Roll Away,0.37439632336624584
Derby Jockey: Kishou e no Michi,0.171818127741035
Fairy Fencer F: Advent Dark Force,0.19138140626984945
Harukanaru Toki no Naka de 4,0.08193071624660705
Roogoo Attack!,0.4138914747368465
Maximum Chase,0.3935610094385126
Prey the Stars,0.4140722111761128
Winning Post 7 2012,0.12285739694430746
Spot Goes to Hollywood,0.3749139420064278
G Darius,0.37695210673045443
Mucha Lucha! Mascaritas of the Lost Code,0.37860181399779225
SD Gundam: Gashapon Wars,0.1192330663626685
Alvin and the Chipmunks,0.36534337941309336
Hearts of Iron III,0.26655298980916114
Picture Perfect Hair Salon,0.4255904463701873
River King: Mystic Valley (US sales),0.44543680495488647
Kengo: Legend of The 9,0.39358022485453836
Romance of the Three Kingdoms XI,0.11379298516303211
Hammerin' Hero,0.3558472226351914
Model * Oshare Audition: Dream Girl,0.10945952877129708
Lupin Sansei: Shijou Saidai no Zunousen,0.07649063504697066
Dark Souls III,0.24739106922769127
Petz Fantasy 3D,0.4201503651705508
WRC 2: FIA World Rally Championship,0.21830152487442564
Archer Maclean's 3D Pool,0.39936207446856653
Tak: The Great Juju Challenge,0.3735721092642641
TMNT: Mutant Melee,0.39630026545435626
Combat: Task Force 121,0.3783303145881093
Winning Eleven Playmaker 2010: Aoki Samurai no Chousen,0.12829747814394385
Goosebumps HorrorLand,0.3214943232894941
Exhibition Volume 4,0.39936207446856653
Viewpoint,0.3823921879300909
Code Geass: Hangyaku no Lelouch - Lost Colors,0.08193071624660705
Disney's Donald Duck Advance,0.3844522716635369
Stacked with Daniel Negreanu,0.3680634200129119
Hakuouki: Yuugi Roku,0.07649063504697066
The Rub Rabbits!,0.2482120914152688
Rapala Pro Bass Fishing 2010,0.3790516946145107
Let's Ride! Friends Forever,0.3909099212580953
Circus Maximus: Chariot Wars,0.3935610094385126
Squishy Tank,0.4111714341370286
Dungeon Maker II: The Hidden War,0.3756161746785368
Discovery Kids: Parrot Pals,0.4255904463701873
Kenyuu Densetsu Yaiba,0.1431735745620793
Kidou Senshi Gundam: Giren no Yabou - Axis no Kyoui V,0.10835290396339571
Kidou Senshi Gundam: Giren no Yabou - Axis no Kyoui V,0.10835290396339571
Elements of Destruction,0.4227721901745205
Serious Sam: Next Encounter,0.3579118225317274
Eiken DS,0.12577977237020627
Game Center CX: Arino no Chousenjou 2,0.102372965564806
Tom Clancy's Ghost Recon 2,0.40146884724430965
E.X. Troopers,0.09658789069029475
The Croods: Prehistoric Party!,0.24452108196086214
J Legend Retsuden,0.10945952877129708
SpongeBob's Truth or Square,0.2605730514105714
Port Royale 3,0.3755255796287208
Monster Racers,0.3325180176917605
The King of Fighters: Evolution,0.1240597960981597
DS Uranai Seikatsu,0.12033969117056986
Hyperdimension Neptunia Re;Birth 3,0.2932499137238809
Pro Farm 1,0.2230941806924272
Pitfall: The Lost Expedition,0.37901219046390044
Rock Band Country Track Pack 2,0.42387881498242175
Speed Zone,0.24688013873026246
All-Star Baseball 2004,0.41003990204175833
Cho~ricchi! Tamagotchi no Puchi Puchi Omisecchi,0.09421284376535176
Jewel Time Deluxe,0.33903579556860886
James Cameron's Dark Angel,0.38411538946262125
The Legend of Heroes: Trails in the Sky Third Chapter,0.12214191760815196
Aqua Teen Hunger Force: Zombie Ninja Pro-Am,0.29859728524229956
Hannspree Ten Kate Honda: SBK Superbike World Championship,0.29859728524229956
Generator Rex: Agent of Providence,0.3245485681795362
Alexi Lalas International Soccer,0.40050157238464934
Dream Trigger 3D,0.3173852854473701
Monster Rancher Battle Card: Episode II,0.36641693800605724
NCAA College Football 2K3,0.37767348675685597
Karaoke Revolution Party,0.35883553738420926
Crayola: Colorful Journey,0.4293188961820582
Itoi Shigesato no Bass Tsuri No. 1 Ketteihan!,0.15549788414212581
Jumper: Griffin's Story,0.28643162466659033
Operation Darkness,0.4338411632194582
Emily the Strange: Strangerous,0.3014100355233358
Famicom Mini: Nazo no Murasame-Jou,0.11597316856389733
Galerians: Ash,0.27958957834748205
Dead Island: Riptide,0.2575425637823465
Jimmie Johnson's Anything With an Engine,0.41535770935254934
R-Type Command,0.3204073152033865
Yoostar on MTV,0.4374790179815131
Just Dance: Disney Party 2,0.31366840578026345
Kane & Lynch 2: Dog Days,0.2139509924232958
Haunting Ground,0.2945917464660446
Mahjong Fight Club DS: Wi-Fi Taiou,0.1284998129700248
"Hi! Hamtaro - Little Hamsters,big Adventures: Ham-Ham Challenge",0.440199058581331
Grand Kingdom,0.22143619058935335
Robocalypse,0.4200521495747026
Vampire Knight DS,0.07921067564678852
Disney Sports Skateboarding,0.4127599426415769
Homie Rollerz,0.42351783115200425
Let's Paint,0.4228704057703694
Rugby League 3,0.2402204986773085
Magi: The Labyrinth of Beginning,0.10854171460906065
Escape Dead Island,0.3051978369524013
Tom Clancy's Splinter Cell: Chaos Theory,0.3640073444346458
The Croods: Prehistoric Party!,0.3258846031579838
I Don't Have Many Friends Portable,0.07105055384733427
SimCity 4: Deluxe Edition,0.24485450549097276
Jewel Link Chronicles: Legend of Athena,0.21139520905908646
CSI: Dark Motives,0.31226644066079157
Burnout Paradise: The Ultimate Box,0.20274025230004983
Loons: The Fight For Fame,0.38411538946262125
Romance of the Three Kingdoms IX,0.30601176606427066
Second Sight,0.3555130183449673
Metal Gear Solid,0.1268533309631701
The Legend of Heroes: Trails in the Sky First Chapter,0.10310163340942424
Totaled!,0.3935610094385126
Bleach: Heat the Soul 3,0.10773955249925055
Ecco: The Tides of Time,0.12273132524387967
Make 10: A Journey of Numbers,0.11035235092499462
Fantasy Aquarium by DS,0.42831048697000573
Rock Band Track Pack: Classic Rock,0.4293188961820582
Operation Flashpoint: Red River,0.19928302859495675
Machine Head,0.379672147330273
Vanguard Bandits,0.3778369576042834
MLB Front Office Manager,0.3817717352143286
Lost Heroes,0.11126175520887918
Vampire Legends: Power of Three,0.38546984005845897
Child of Light,0.1757419869945823
The Legend of Heroes VII: The Trail of Zero,0.11126175520887918
Shin Chan Contra ¬°Los Plastas!,0.0999898071659038
Haikyuu!! Tsunage! Itadaki no Keshiki!!,0.0656104726476972
Silent Hill: Origins,0.28643162466659033
Blast Radius,0.3718570192056936
ESPN National Hockey Night,0.33411646204427303
Tornado,0.4195122923757493
Cut the Rope,0.34206628319683385
Resident Evil: Revelations 2,0.29052987312406303
Pro Yaky? Spirits 2011,0.12557743754412531
Taz Wanted,0.381732231063719
Disaster: Day of Crisis,0.1330106116019403
Shounen Sunday x Shounen Magazine: Nettou! Dream Nine,0.13101751874376172
Harry Potter and the Sorcerer's Stone,0.3813953488628027
McFarlane's Evil Prophecy,0.2918717058662267
IA/VT Colorful,0.10401944757166069
We Sing Rock!,0.22682263050429813
Wallace & Gromit in Project Zoo,0.3439257345791795
Shadowgate 64: Trials of the Four Towers,0.39225175400025836
Super Robot Spirits,0.08724457096567007
Mia Hamm Soccer 64,0.4413385564974136
John Madden Football,0.17997824954048924
Caesars Palace Advance: Millennium Gold Edition,0.4048021556682029
Aero Gauge,0.43029974509380353
Battlezone: Rise of the Black Dogs,0.41867394171704764
Teenage Mutant Ninja Turtles: Tournament Fighters,0.3433810203915679
Moxie Girlz,0.42387881498242175
Damnation,0.39058868484503684
Samurai Warriors,0.3786753082629848
GunParade Orchestra: Shiro no Shou,0.08737079744624346
Rec Room Games,0.43455664255561366
Zettai Zetsumei Toshi 3: Kowareyuku Machi to Kanojyo no Uta,0.102372965564806
FIFA Soccer 2004,0.3749534461570374
Super Robot Taisen OG Saga: Masou Kishin III - Pride of Justice,0.09747274156412293
Record of Agarest War,0.1737809174192978
SNK Arcade Classics Vol. 1,0.37381394824095526
Dave Mirra BMX Challenge,0.3899318570137835
Rayman 3: Hoodlum Havoc,0.3439257345791795
Tony Hawk's Pro Skater 5,0.36545149161541945
Tales of Rebirth,0.12214191760815196
The Guy Game,0.39664203386874863
Let's Ride! Dreamer,0.35279297774514884
Fantasia: Music Evolved,0.39258016052676636
Tecmo's Deception,0.3943460118488574
Point Blank DS (JP sales),0.11290813428920393
Ghost in the Shell: Stand Alone Complex,0.3408450545166283
G-Saviour,0.1268533309631701
Open Season,0.35890414543592564
Gintama DS: Yorozuya Daisoudou,0.11053308736426094
Drake of the 99 Dragons,0.34052381810357046
Dave Mirra BMX Challenge,0.38721181641396507
BlazBlue: Chrono Phantasma,0.2043137848806334
Crayon Shin-Chan: Obaka Daininden - Susume! Kasukabe Ninja Tai!,0.09965292496498815
Crimson Sea 2,0.29731178706586314
Tokyo Twilight Ghost Hunters,0.24515758496318343
Higurashi no Nakukoru ni Kizuna: Dai-Ichi-Kan - Tatari,0.08193071624660705
Doraemon: Nobita to Himitsu Dougu Hakubutsukan,0.09149280316553322
Ragnarok: Hikari to Yami no Koujo,0.20226156866912223
Saint Seiya: Brave Soldiers,0.10970062207453501
Earth Defense Force 2: Invaders from Planet Space,0.16296743331543123
Digimon World Championship,0.12214191760815196
AMF Bowling Pinbusters!,0.3844917758141472
RayStorm,0.37695210673045443
Disney's Winnie the Pooh's Rumbly Tumbly Adventure,0.33848565337954317
Dynasty Warriors 8: Empires,0.2932499137238809
Trick DS-han: Kakushi Kami no Sumukan,0.11761965057075201
Circuit Breakers,0.381302639181585
Winter Sports 2011,0.23750045807748996
futureU: The Prep Game for SAT,0.37381394824095526
Catwoman,0.343588852378264
Colosseum: Road to Freedom,0.31164065790957196
Tank! Tank! Tank!,0.21757907251049788
Football Manager 2010,0.24294053927712636
Target: Terror,0.3582222695601345
Mugen Souls Z,0.21782284124349807
BeatMania,0.30610998166011966
Sprint Cars: Road to Knoxville,0.30403736644193596
Guilty Gear Xrd -Revelator-,0.21082162690951753
Crayon Shin-Chan: Densetsu o Yobu Omake no To Shukkugaan!,0.11053308736426094
Shrek's Carnival Craze Party Games,0.3043983502723542
Dream Dance & Cheer,0.3710939076411368
Silpheed: The Lost Planet,0.3105669963900789
Billy's Boot Camp: Wii de Enjoy Diet!,0.12557743754412531
Real Time Conflict: Shogun Empires,0.36998728283323545
Spartan: Total Warrior,0.3408688117784454
Pitfall: The Lost Expedition,0.34120569397936173
Hoppechan: Minna de Odekake! Waku Waku Hoppe Land!!,0.08877276256571469
Fantastic Four,0.3745770598055115
Yamaha Supercross,0.33943426935506393
Petz: Hamsterz Bunch,0.3673654578292659
Higurashi no Naku Koro ni Matsuri: Kakera Asobi,0.08465075684642492
River City Ransom EX,0.3786753082629848
Bionicle Heroes,0.34052381810357046
San Goku Shi Taisen Ten,0.11107294456321425
Ant Nation,0.4024519137139868
Fable: The Lost Chapters,0.26536359259717124
Fairy Tail: Zelef Kakusei,0.09421284376535176
Strike Point,0.39153537619922296
Crazy Taxi 2,0.13357891033924296
The Sims 2: Seasons,0.2220264198631795
Dragon Slayer: The Legend of Heroes,0.1656625672052431
Street Fighter II': Special Champion Edition (JP weekly sales),0.14589361516189714
Pizza Delivery Boy,0.364645417229448
Tom and Jerry in War of the Whiskers,0.3435153581130713
Keroro RPG: Kishi to Musha to Densetsu no Kaizoku,0.11670183640851556
Famicom Mini: Wrecking Crew,0.11851247272444954
Suzumiya Haruhi no Gekidou,0.07921067564678852
Lost Heroes 2,0.08605272196589683
Heavenly Guardian,0.3609423101599524
Dynasty Warriors DS: Fighter's Battle,0.28437259248529284
The Testament of Sherlock Holmes,0.18297357438069894
Space Hulk: Vengeance of the Blood Angels,0.3823921879300909
Robot Alchemic Drive,0.3027518682654995
Alpha and Omega,0.35040714143555507
Motor Toon Grand Prix (Japan),0.13853409242726197
Dino Master: Dig Discover Duel,0.36998728283323545
Ken to Mahou to Gakuen Mono. 3,0.11670183640851556
Tomb Raider: Legend,0.31501023852242716
Warhammer: Battle For Atluma,0.3612873038348279
Hikaru no Go: Heian Gensou Ibunroku,0.08416585773480754
Eagle Flight,0.1952319446376259
Operation: Vietnam,0.3609423101599524
Samurai Shodown,0.14310008029688676
OverBlood 2,0.11820831005209781
Fighter Maker 2,0.2999583334004891
Lifeline,0.2768695377476635
Judie no Atelier: Guramnat no Renkinjutsushi,0.13846216120706115
Dragon Valor,0.3861858900494025
Tokyo Beat Down,0.3558472226351914
NHL 2005,0.3722334055572196
Midway Arcade Treasures 3,0.35883553738420926
Microsoft Flight Simulator 2004: A Century of Flight,0.24485450549097276
"Horrid Henry: The Good, The Bad and The Bugly",0.20647274649963204
Firefighter F.D.18,0.29731178706586314
Anubis II,0.3561841048361072
Goodbye Deponia,0.18025353378088038
Pro Yaky? Spirits 2014,0.11741731574467039
Legend of Kay,0.20916635192694136
Cartoon Network: Punch Time Explosion XL,0.3448935659707262
DS Nishimura Kyotaro Suspense 2 Shin Tantei Series: Kanazawa Hakodate - Gokkan no Kyoukoku - Fukushuu no Kage,0.08193071624660705
The Book of Unwritten Tales 2,0.17481345258124398
Ultimate Board Game Collection,0.37653398884077316
Mega Man X4,0.13501345276262436
Jackass the Game DS,0.3558472226351914
Jake Power: Handyman,0.3326849327171739
My Dress-Up,0.4089004041256762
Power Pro GB,0.1609379653417622
Beat City,0.3683738670413189
Sudoku Fever,0.3757745312239006
Inversion,0.2779265091922606
The Putter Golf,0.3923414505851943
Ultimate Marvel vs. Capcom 3,0.15714341082219585
The Powerpuff Girls: Relish Rampage,0.3490289335779003
Super Real Mahjong Graffiti,0.15842025956802464
Future Card Buddy Fight: Yuujou no Bakunetsu Fight,0.08605272196589683
Ninja Warriors,0.14589361516189714
Army Men: RTS,0.34956879077685366
Classic Action: Devilish,0.3819740700404096
Zettai Onkan Otoda Master,0.12486195820796983
Assassin's Creed Chronicles,0.1973928807816311
Dragoneer's Aria,0.21314173106839504
Xbox Live Arcade Unplugged Volume 1,0.35611549678439136
TigerShark,0.3888153355994044
Major League Baseball 2K10,0.3790516946145107
Norse by Norsewest: The Return of the Lost Vikings,0.3745770598055115
N+,0.3561841048361072
Titanic Mystery,0.32980791293990697
Backyard NFL Football '09,0.3844917758141472
Obscure,0.27414949714784564
Sega Soccer Slam,0.37767348675685597
Katekyoo Hitman Reborn! DS: Fate of Heat - Hono no Unmei,0.12214191760815196
Shin Lucky * Star: Moe Drill ~Tabidachi~,0.10781304676444241
DefCon 5,0.3823921879300909
Secret Service: Ultimate Sacrifice,0.28643162466659033
Transformer: Rise of the Dark Spark (3DS),0.3334373578236087
Deep Labyrinth,0.3612873038348279
Nichibeikan Pro Yakyuu: Final League,0.15005780294248944
Spawn: Armageddon,0.34630889297808176
God Hand,0.11053308736426094
Shin Chan: Las Nuevas Aventuras Para Wii!,0.11053308736426094
Junior Classic Books & Fairytales,0.34523533438511855
Legends of Wrestling II,0.3813218545976108
Fatal Fury: Battle Archives Volume 2,0.2863581304013978
Mario Tennis,0.2402204986773085
Jurassic Park: Operation Genesis,0.3605471687719747
FIFA Soccer 06,0.404599820842122
Freddi Fish: Kelp Seed Mystery,0.3326849327171739
RedCard 20-03,0.33139642144445525
Brothers in Arms: Furious 4,0.23164944387985983
Future Tactics: The Uprising,0.3032917254644528
Kanji Sonomama DS Rakubiki Jiten,0.1284998129700248
Driver: Parallel Lines,0.34759439115451884
Hyperdimension Neptunia Victory,0.10582167400924211
everGirl,0.35279297774514884
Heroes Phantasia,0.11126175520887918
Top Gun,0.3619253766296294
Batman: Rise of Sin Tzu,0.3813953488628027
Chuugaku Eitango Target 1800 DS,0.1284998129700248
Sherlock Holmes: Crimes & Punishments,0.246949091149663
Basketball Hall of Fame Ultimate Hoops Challenge,0.3790516946145107
Dragon Ball Z: Battle of Z,0.22104078089026935
World Racing,0.3557545129539731
Resident Evil 5,0.20234806286965012
X-Men: The Official Game,0.37323522706334844
Disney's Party,0.39936207446856653
Generator Rex: Agent of Providence,0.3245485681795362
Storybook Workshop,0.3710939076411368
Command & Conquer 3: Tiberium Wars,0.22571600569639677
Card Games,0.3843836636118211
Tropix,0.3583865267957437
Mega Man: Battle & Chase,0.13037397062780706
Winning Post 7 2010,0.12829747814394385
Build-A-Bear Workshop: Friendship Valley,0.3792540294405917
Pipe Mania,0.3583865267957437
Daniel X: The Ultimate Power,0.35040714143555507
Destrega,0.36906348434068326
Fantasy Aquarium World,0.3673654578292659
Nobunaga no Yabou: Tendou with Power-Up Kit,0.10291282276375932
The Final Round,0.4059416535842857
MAPLUS: Portable Navi,0.1284998129700248
Rayman Arena,0.34759439115451884
Order Up!!,0.3245485681795362
Reader Rabbit 1st Grade,0.3683738670413189
The King of Fighters 02/03,0.29179821160103414
Port Royale 3,0.3755255796287208
Army Men: Green Rogue,0.32861044152151775
Centipede / Breakout / Warlords,0.3939219932689302
Lucian Bee's: Justice Yellow / Evil Violet,0.07649063504697066
Sly 2: Band of Thieves,0.1741063312147297
Armored Core: Nine Breaker,0.31155006285975606
Doraemon: Nobita no Shin Makai Daibouken DS,0.12486195820796983
Terraria,0.17969442932506713
Cabela's Big Game Hunter 2005 Adventures,0.3722334055572196
Worms 3D,0.35228883137667144
BlazBlue: Chrono Phantasma Extend,0.31366840578026345
TRON: Evolution,0.35040714143555507
Pac-Man and the Ghostly Adventures 2,0.27008762380586343
Dark Souls,0.22318477574224382
National Geographic Challenge!,0.3792540294405917
Gambler Densetsu Tetsuya,0.1009710004453341
The Guided Fate Paradox,0.09445661249835194
Mayhem 3D,0.35713272081162795
Bleach: Hanatareshi Yabou,0.12758199880778837
Karaoke Revolution Party,0.35883553738420926
Alex Rider: Stormbreaker,0.3612873038348279
Yoake Yori Ruriiro na: Brighter than Dawning Blue,0.08737079744624346
Carol Vorderman's Sudoku,0.30560161945445885
Pandemonium 2,0.3371074455218883
Gundam Try Age SP,0.0947527009643044
WipEout HD Fury,0.18865515018934115
Fallout: Brotherhood of Steel,0.3143606985093905
Dreamer Series: Pop Star,0.3248168423287361
Penguins of Madagascar,0.20069578309907932
12-Sai. Honto no Kimochi,0.0656104726476972
Parlor! Mini 2,0.15570021896820677
"Flower, Sun, and Rain",0.3326849327171739
Gunstar Super Heroes,0.3783303145881093
C: The Contra Adventure,0.3391456102459157
Interactive Storybook DS Series 1,0.37653398884077316
Frogger Advance: The Great Quest,0.38411538946262125
Cities XL 2012,0.23797437595332438
Worms Forts: Under Siege,0.34956879077685366
Dream C Club,0.11661124135869894
Pocky & Rocky with Becky,0.3892104769873821
The Tale of Despereaux,0.3534640642362893
Jam Sessions 2,0.3710939076411368
Full Spectrum Warrior: Ten Hammers,0.26276518838009555
Streets of Rage 3,0.14589361516189714
Just Dance: Disney Party 2,0.31366840578026345
Natural Doctrine,0.20101769853297086
Hasbro Family Game Night Fun Pack,0.36565382644150035
Pro Yaky? Spirits 4,0.13645759994339812
Prince of Persia: The Fallen King,0.3558472226351914
My Horse & Me: Riding for Gold,0.3613532431579468
Speed Racer,0.35165626449650045
NHL Hitz Pro,0.3749534461570374
Cardfight!! Vanguard: Lock On Victory!!,0.10673948817147855
Broken Sword 5: The Serpent's Curse,0.17481345258124398
Alan Wake,0.20613586429871641
Atelier Meruru: Alchemist of Arland 3,0.09445661249835194
Hot Wheels: Burnin' Rubber,0.3962810500383305
Lost in Blue 2,0.14979199705064974
Ojyousama Express,0.12418824845068753
Risen 3: Titan Lords,0.26402175985500753
Steambot Chronicles: Battle Tournament,0.3089138013399685
Wings of War,0.3578271281721569
187: Ride or Die,0.35031443175433674
RPG Maker 3,0.2792742426246696
Zatch Bell! Mamodo Battles,0.338075276913435
Genkai Tokki Monster Monpiece,0.08338763945341424
Desert Strike Advance,0.39835366525651417
Kabuki Warriors,0.3517489741777182
Discworld,0.324488435802228
Motion Explosion!,0.3425152937853001
World Poker Tour,0.35883553738420926
Age of Empires III: The Asian Dynasties,0.1906295498116759
Elite Forces: Unit 77,0.35910712043396265
IL-2 Sturmovik: Birds of Prey,0.3673654578292659
Moshi Monsters: Katsuma Unleashed,0.27283142166749896
Pirates: The Legend of Black Kat,0.3258666436598828
July,0.09504602013408034
Crime Lab: Body of Evidence,0.30410631886133727
Disney's Chicken Little: Ace In Action,0.3636623507597708
ESPN Winter X-Games: Snowboarding 2002,0.41820002384121324
Bleach: Versus Crusade,0.08821436918890543
Kanon,0.08960593893444393
NanoBreaker,0.25950529058132366
You Don't Know Jack,0.36565382644150035
Bionicle,0.34630889297808176
GRID 2,0.21286144367478924
Cabela's Trophy Bucks,0.3844917758141472
Cosmos Chaos!,0.3683738670413189
Guitar Freaks 3rdMIX & DrumMania 2ndMIX,0.12700650464635435
Taiko no Tatsujin: Atsumete Tomodachi Daisakusen!,0.089934345460952
Criminal Girls: Invite Only,0.1595978527025768
Miami Vice: The Game,0.3636623507597708
Samurai Warriors Chronicles 3,0.074687660455006
BMX XXX,0.37767348675685597
Disney's Magical Quest 2 Starring Mickey and Minnie,0.3813953488628027
Bullet Girls,0.074687660455006
One Piece: Unlimited World Red,0.15869307555105489
Aggressive Inline,0.37767348675685597
Ikki Tousen: Xross Impact,0.08556782285427945
Smart Boy's Toys Club,0.37381394824095526
Insecticide,0.3558472226351914
Super Mahjong 2: Honkaku 4Jin Uchi,0.1497752386569523
XGRA: Extreme G Racing Association,0.27439099175685144
Mitsukete! Keroro Gunsou: Machigai Sagashi Daisakusen de Arimasu!,0.09372794465373371
Family Trainer: Treasure Adventure,0.20513404279258762
Pop'n Music Portable 2,0.10081450786022478
Kamen Rider: Dragon Knight,0.3503336471703625
Darksiders II,0.29052987312406303
Ys vs. Sora no Kiseki: Alternative Saga,0.08277428798926906
Naruto: Ultimate Ninja Heroes (JP sales),0.09365445038854184
Akagawa Jirou Mystery: Yasoukyoku - Hon ni Manekareta Satsujin,0.06784561413589836
Ray Tracers,0.3489362238966819
Mario vs. Donkey Kong: Tipping Stars,0.07450692401574036
Tournament of Legends,0.3013365412581439
Frogger: Helmet Chaos,0.36162418603574353
Escape from Bug Island,0.2940088847484149
Nicola Kanshuu: Model * Oshare Audition,0.10353454846004331
Hisshou Pachinko*Pachi-Slot Kouryaku Series Vol. 14: CR Shinseiki Evangelion: Saigo no Mono,0.10625458905986117
Cold Stone Creamery: Scoop It Up,0.3710939076411368
My Pet Shop,0.37008549842908434
James Bond 007: Blood Stone,0.32964365570429777
Kururin Paradise,0.10986745181337723
Gradius Collection,0.2753825778993457
Kiniro no Corda 2,0.11077685609726112
Dynasty Warriors Vs,0.08012774165464306
Fist of the North Star: Ken's Rage 2,0.2307552198542827
Gallop Racer 2004,0.2908698843600979
Sunrise Eiyuutan R,0.12981714029598884
Rayman: Hoodlum's Revenge,0.3735721092642641
Mobile Suit Gundam Seed: Never Ending Tomorrow,0.2646003781060852
F1 2001,0.36119459415360955
Utawarerumono: Futari no Hakuoro,0.08721430486113346
Fishing Master (jp sales),0.12237249783268941
OK! Puzzle Stars,0.214115249658905
Zill O'll Infinite Plus,0.10533677489762472
Tonka Rescue Patrol,0.34630889297808176
GunGriffon II,0.13244658584599076
Crimson Gem Saga,0.3728961340787189
Monster Tale,0.3453039424368344
Legend of the Dragon,0.355773728369999
Cel Damage,0.35847455355379165
Backyard Hockey,0.38721181641396507
Famicom Mini: Balloon Fight,0.10188806645318864
Steins;Gate: Senkei Kousoku no Phonogram,0.054245411136807045
Seaman 2: Peking Genjin Ikusei Kit,0.10796622044762665
Chou Gekijouban Keroro Gunsou 3: Tenkuu Daibouken de Arimasu!,0.09100790405391584
Sprung - A Game Where Everyone Scores,0.34356509511644673
Mirror's Edge Catalyst,0.21601107615674114
The Pinball of the Dead,0.4020821150683851
Growlanser IV: Over Reloaded,0.09989669369798834
Arc the Lad: End of Darkness,0.2792742426246696
The King of Route 66,0.27439099175685144
Tom Clancy's Splinter Cell: Pandora Tomorrow,0.3786753082629848
Western Riding Academy,0.364645417229448
Bubble Bobble also featuring Rainbow Islands,0.34746998928097916
Intellivision Lives!,0.3615555779840278
Tokobot,0.36162418603574353
Monster Madness: Grave Danger,0.2999972810192132
Panzer Tactics,0.3645472016335991
Pro Yaky? Spirits 2013,0.10605225423378023
Robotica,0.1314635193763136
Super Robot Wars OG: The Moon Dwellers,0.08721430486113346
Deathrow: Underground Team Combat,0.37767348675685597
The Amazing Spider-Man 2 (2014),0.2701113810676805
Paws & Claws: Marine Rescue,0.3619253766296294
Land of the Dead: Road to Fiddler's Green,0.34324385870338836
Odin Sphere: Leifthrasir,0.19557761733333445
R-Types,0.3391456102459157
Star Fighter,0.34730573204536996
Game Center CX: 3-Choume no Arino,0.074687660455006
Assetto Corsa,0.16961486599061346
NHL 2K9,0.3844917758141472
Kuukan * Zukei: Hirameki Training - KuuTore,0.1089746296596797
Osu! Tatakae! Ouendan,0.11713475145913396
Dissidia: Final Fantasy Universal Tuning,0.08549432858908691
Fast Food Panic,0.3673654578292659
"Warhammer 40,000: Squad Command",0.34140866897739874
Johnny Test,0.3453039424368344
One Piece: Burning Blood,0.22679130911831277
TrackMania Turbo,0.24153276721184372
Pro Evolution Soccer 2015,0.22934033627803502
Jewels of the Ages,0.2457243511429667
Meitantei Conan: Aoki Houseki no Rinbukyoku,0.059685492336443435
The Legend of Heroes: Trails in the Sky Second Chapter,0.11077685609726112
Zero Escape: Zero Time Dilemma,0.16441984651728125
Bionicle Heroes,0.3636623507597708
Mystic Heroes,0.26766541238077857
Tron 2.0: Killer App,0.3204503197220635
Jurassic Park III: Park Builder,0.34284871731541067
Unchained Blades,0.09989669369798834
NHL Legacy,0.3368069384364638
Rurouni Kenshin: Meiji Kenkaku Romantan Saisen,0.08005424738945052
Santa Claus Is Comin' to Town!,0.35022640499628876
Disney Infinity 2.0: Marvel Super Heroes,0.1628892866145406
Octomania,0.3611065673955616
Godzilla (2014),0.074687660455006
Code Geass: Hangyaku no Lelouch - Lost Colors,0.06784561413589836
Showtime Championship Boxing,0.355773728369999
LEGO Bionicle,0.32622728312261556
Ansatsu Kyoushitsu: Assassin Ikusei Keikaku!!,0.0692475792553696
Power Shovel,0.273105493580415
Bomberman Land,0.37653398884077316
A llI S.V.: A Ressha de Gyoukou 3 Super Version,0.140606707645445
My Pet Chimp,0.364645417229448
Generator Rex: Agent of Providence,0.3245485681795362
Chrysler Classic Racing,0.36529284261108286
Spy Games: Elevator Mission,0.3609423101599524
The Book of Unwritten Tales: The Critter Chronicles,0.1737694490138134
Steins;Gate,0.12902294360415395
Nights of Azure,0.23230488458314172
Strike Force Bowling,0.36951336495740106
Age of Empires Online,0.20288792006860346
Earth Defense Force 2017 Portable,0.08012774165464306
Atelier Iris 2: The Azoth Of Destiny,0.2765542020248511
Spy Fox in Dry Cereal,0.3326849327171739
There,0.28190368817467154
Tokimeki no Houkago,0.13617503565786168
Championship Surfer,0.30175004675937067
Zumba Fitness Core,0.2241025899044803
Lego Batman 3: Beyond Gotham,0.20069578309907932
Di-Gata Defenders,0.3728961340787189
Monster Garage,0.34956879077685366
ZhuZhu Pets: Quest for Zhu,0.36565382644150035
Akai Katana Shin,0.2476972727895457
A-Train: City Simulator,0.08892593624889893
Tecmo Classic Arcade,0.35883553738420926
2 Games in 1: Sonic Pinball Party & Columns Crown,0.3356970047280089
Mad Maestro!,0.2883521785863603
Densha De Go! 3 Tsuukinhen,0.12428646404653582
Biker Mice From Mars,0.2662308699573972
From The Abyss,0.3728961340787189
Jewel Quest IV: Heritage,0.17630875317436562
Daito Giken Koushiki Pachi-Slot Simulator: Ossu! Banchou Portable,0.11441471085931611
Sudoku Ball Detective,0.3556664861959251
The LEGO Movie Videogame,0.24697284841148012
DuckTales: Remastered,0.34224701963610016
Giants: Citizen Kabuto,0.27276049990553947
Steins;Gate,0.06512557353607983
Crayon Shin-chan: Arashi o Yobu Kasukabe Eiga Stars!,0.05152537053698851
Star Wars Knights of the Old Republic II: The Sith Lords,0.23027713671245034
MX vs. ATV Supercross,0.24447054515885094
Grand Kingdom,0.1541577715029404
Risen 3: Titan Lords,0.17993819805806802
Guilty Gear XX Accent Core Plus,0.24855163391685903
LEGO Batman: The Videogame,0.22820663612566908
Alone in the Dark,0.22818287886385197
Muppets Party Cruise,0.28291209738672396
Higurashi Daybreak Portable,0.06784561413589836
Shonen Jump's One Piece: Grand Battle,0.338075276913435
Transformer: Rise of the Dark Spark,0.25816345783916
Barbie Horse Adventures: Wild Horse Rescue,0.3749534461570374
Blast Lacrosse,0.29903000615955216
Kikou Heidan J-Phoenix,0.11004818825264288
Backyard NFL Football '10,0.2772696813610066
DreamWorks Super Star Kartz,0.3339941881554276
Earth Defense Force 4.1: The Shadow of New Despair,0.23467993150808472
Legend of Kay,0.35040714143555507
Shonen Jump's Shaman King: Legacy of the Spirits - Soaring Hawk/Sprinting Wolf,0.317730279122245
Bubble Bobble: Old & New,0.3284297050822521
Speed,0.31357569609904573
Naruto Shippuden: Gekito Ninja Taisen! Special,0.08277428798926906
Jissen Pachislot Secrets! Fist of the North Star F - Seikimatsu Kyuuseishu Densetsu,0.08012774165464306
Kekkon: Marriage,0.10320614193353458
KimiKiss,0.07328569533553476
Nicola Kanshuu: Model * Oshare Audition 2,0.08284778225446092
Cold Fear,0.3408688117784454
Imagine: Gymnast,0.3469469657728841
Hisshou Pachinko*Pachi-Slot Kouryaku Series Portable Vol. 1: Shinseiki Evangelion - Tamashii no Kiseki,0.10353454846004331
Challenge Me: Brain Puzzles,0.3556664861959251
Shining Force Feather,0.09426780185268702
The Technomancer,0.2585816786553711
Kurupoto Cool Cool Stars,0.3585672632350093
Attack on Titan (KOEI),0.0692475792553696
Cocoto Kart Racer,0.36529284261108286
Mobile Suit Gundam 00: Gundam Meisters,0.09100790405391584
Imagine: Cheerleader,0.3673654578292659
Nazotoki Battle Tore! Densetsu no Makyuu o Fukkatsu Saseyo!,0.074687660455006
Theme Park,0.1358838258849424
Call of Cthulhu: Dark Corners of the Earth,0.3177065218604279
The Great Escape,0.34630889297808176
Blur,0.20907364224572367
Super Robot Wars OG Saga Masou Kishin F: Coffin of the End,0.0806675988535957
The Next BIG Thing,0.15060715909579592
Metal Gear Solid: Social Ops,0.26766541238077857
Minna no DS Seminar: Kanpeki Eitango Ryoku,0.11441471085931611
Kirarin * Revolution: Minna de Odorou Furi Furi Debut!,0.10524617984780878
PenPen TriIceLon,0.1276539300279892
Salt Lake 2002,0.3545349541006556
SBK 2011: FIM Superbike World Championship,0.18321506898970477
DropCast,0.3583865267957437
Alien Syndrome,0.3173911861376155
Vexx,0.3439257345791795
Crazy Chicken Tales,0.35312718203537297
Hagane no Renkinjutsushi - Fullmetal Alchemist: Yakusoku no Hi e,0.08556782285427945
Mega Man Battle Network 5: Double Team DS (US sales),0.38105625587817316
Attack on Titan (KOEI),0.20644631132712282
Batman: Rise of Sin Tzu,0.34630889297808176
Secret Files: Tunguska,0.2513214115200524
EverQuest II: Destiny of Velious,0.364736012279264
Unreal Tournament III,0.18702465833802917
Disney Sports Skateboarding,0.37767348675685597
Summon Night 6: Lost Borders,0.0692475792553696
Summon Night 2,0.10805681549744325
Chou Soujuu Mecha MG,0.11068626104744518
Pro Evolution Soccer 2012,0.08284778225446092
Grey's Anatomy: The Video Game,0.3068263594611551
Terminator 3: The Redemption,0.3459638993032069
Arkanoid DS,0.3611065673955616
Call of Duty 2,0.19246473953766557
Big Bang Mini,0.29727724041939474
Rurouni Kenshin: Meiji Kenyaku Romantan - Kansen,0.08012774165464306
Chevrolet Camaro: Wild Ride,0.3598527614114464
Genkai Tokki: Moero Crystal,0.08901653129871556
Project Setsuna,0.08629649069889703
Serious Sam II,0.34324385870338836
Neon Genesis Evangelion,0.0923259795342618
Song of the Deep,0.27586190929572396
JoJo's Bizarre Adventure: All Star Battle,0.3421735253709083
Digimon All-Star Rumble,0.3135949115150709
The Legend of Heroes VII: The Trail of Blue,0.0917365718985334
MotoGP 10/11,0.18321506898970477
Cabela's Big Game Hunter (2008),0.38721181641396507
Dead Rising 2: Off the Record,0.3014100355233358
Flipnic: Ultimate Pinball,0.28291209738672396
ICO,0.08284778225446092
Eigo de Tabisuru: Little Charo,0.10081450786022478
World Series of Poker 2008: Battle for the Bracelets,0.318309000299852
NBA Hangtime,0.3126302091586435
Busy Scissors,0.364645417229448
Dreamer Series: Zoo Keeper,0.364645417229448
D.C. II P.S.: Da Capo II Plus Situation,0.06784561413589836
The Witcher,0.2016985228566136
Mike Piazza's Strike Zone,0.3885536491561288
Bust-A-Move '99,0.3624484001377253
Star Soldier: Vanishing Earth,0.3622841429021161
Top Gear Hyper-Bike,0.3666346753532459
Brunswick Circuit Pro Bowling,0.3858336085563102
Olympic Hockey 98,0.3885536491561288
CyberTiger,0.38311356795649243
Polaris SnoCross,0.3639146347534281
Penny Racers,0.36935471595306446
S.C.A.R.S,0.36935471595306446
Another Code R: A Journey into Lost Memories,0.12812963485811651
Virtual Chess 64,0.377875821582937
Marvel Super Heroes,0.11813481578690527
Worms Blast,0.35156823773845247
Atelier Sophie: The Alchemist of the Mysterious Book,0.08901653129871556
Prinny: Can I Really Be The Hero? (US sales),0.3612873038348279
Coded Arms: Contagion,0.3027173216190311
Foster's Home for Imaginary Friends: Imagination Invaders,0.3354049733169918
Smile PreCure! Let's Go! Marchen World,0.08012774165464306
S.T.A.L.K.E.R.: Call of Pripyat,0.18158457713839277
IHRA Professional Drag Racing 2005,0.294809483813234
Tokyo Xtreme Racer Advance,0.3271758990981364
Doraemon: Nobita no Uchuu Eiyuuki,0.07196761985518814
Disney's Kim Possible: Global Gemini,0.3330455721799068
Rock Blast,0.3583865267957437
I Love Beauty: Hollywood Makeover,0.3710939076411368
A New Beginning,0.15332719969561442
World Cup of Pool,0.3817717352143286
Santa Claus Is Comin' to Town!,0.35022640499628876
Create,0.2690436202384334
MLB Power Pros 2008,0.3844917758141472
Combat Elite: WWII Paratroopers,0.2591602969064488
Power Pro Success Legends,0.11421237603323516
Killer Loop,0.28527115415612425
Cabela's Dangerous Hunts: Ultimate Challenge,0.3899318570137835
Little League World Series Baseball 2008,0.3844917758141472
Worldwide Soccer,0.1577330256303263
Toriko: Gourmet Battle!,0.09445661249835194
Tony Hawk's Pro Skater 5,0.3072265030744982
Showtime Championship Boxing,0.355773728369999
Commandos: Strike Force,0.2591602969064488
Mobile Suit Gundam: Gundam vs. Zeta Gundam,0.2646003781060852
Puzzler Collection,0.3001615382548224
Rapala Pro Fishing,0.34909487290101926
Guilty Gear X: Advance Edition,0.3230968660566895
Fate/Tiger Colosseum Upper,0.08821436918890543
Zaidan Houjin Nippon Kanji Nouryoku Kentei Kyoukai Kounin: KanKen DS3 Deluxe,0.10625458905986117
Warriors of the Lost Empire,0.3173911861376155
Pop Cutie! Street Fashion Simulation,0.37008549842908434
Ford Racing 3,0.3271758990981364
Culdcept Revolt,0.07522751765395931
Devil's Third,0.29052987312406303
PachiPara 13: Super Umi no Pachi-Pro Fuuunroku,0.11441471085931611
World Soccer Winning Eleven 9 (US sales),0.33442690907268013
Star Trek: Tactical Assault,0.3441287095772172
Oddworld: Munch's Oddysee,0.32078720192297916
Winning Post 4 Maximum,0.1414127820314171
Xiaolin Showdown,0.3030623152939066
Exhibition Volume 5,0.30333058944310654
Record of Lodoss War: Eiyuu Sensou,0.146137383894898
Pro Yakyuu Netsu Star 2007,0.12237249783268941
Starry ? Sky: In Summer,0.10353454846004331
Klonoa Beach Volleyball,0.2963099655597343
Melty Blood: Actress Again,0.08549432858908691
Mahouka Koukou no Rettousei: Out of Order,0.05152537053698851
3D Lemmings,0.2892450007400579
Hi Hi Puffy AmiYumi: Kaznapped,0.317730279122245
Broken Sword: The Shadow of the Templars,0.30272811100368247
Resident Evil - Code: Veronica X,0.34630889297808176
Corpse Party: Back to School Edition,0.2526996193777065
Tenchi Muyou! Ryoukouki Gokuraku,0.10320614193353458
Kelly Slater's Pro Surfer,0.37767348675685597
I Am In The Movie,0.094366017448536
Zoo Tycoon: Complete Collection,0.2709253101795498
Trapt,0.25950529058132366
Splat Renegade Paintball,0.3112883764164798
Lord of Magna: Maiden Heaven,0.0917365718985334
SpongeBob SquarePants: Plankton's Robotic Revenge,0.20579087062384085
Metal Max 4: Gekkou no Diva,0.09445661249835194
Magi: Aratanaru Sekai,0.0917365718985334
Worms 3D,0.29406384283575016
Playmobil Knights,0.2717636608382513
MXGP 2,0.23903046395921457
PoPoLoCrois,0.32283126733725187
Dragon Rage,0.27276049990553947
Theresia...,0.27445994417625275
Sacred 2: Fallen Angel,0.19897848225679574
Dance Sensation!,0.3683738670413189
Adventure Time: The Secret of the Nameless Kingdom,0.16560932721435845
Teenage Mutant Ninja Turtles 3: Mutant Nightmare,0.3057823558937245
